 
SET ANSI_NULLS ON
GO
SET QUOTED_IDENTIFIER ON
GO
CREATE TABLE [dbo].[Feed](
	[Id] [int] IDENTITY(1,1) NOT NULL,
	[TPAId] [nvarchar](20) NOT NULL,
	[CarrierId] [nvarchar](20) NOT NULL,
	[Channel] [nvarchar](20) NULL,
	[EIN] [nvarchar](50) NULL,
	[CrossoverDate] [date] NOT NULL,
	[Type] [nvarchar](20) NOT NULL,
	[Name] [nvarchar](100) NOT NULL,
 CONSTRAINT [UC_Feed_TPAId_Name] UNIQUE NONCLUSTERED 
(
	[TPAId] ASC,
	[Name] ASC
)WITH (PAD_INDEX  = OFF, STATISTICS_NORECOMPUTE  = OFF, IGNORE_DUP_KEY = OFF, ALLOW_ROW_LOCKS  = ON, ALLOW_PAGE_LOCKS  = ON) ON [PRIMARY]
) ON [PRIMARY]
GO
 
 
SET ANSI_NULLS ON
GO
SET QUOTED_IDENTIFIER ON
GO
CREATE TABLE [dbo].[Schedule](
	[ScheduleId] [nvarchar](50) NULL,
	[FileTypeId] [nvarchar](50) NULL,
	[ScheduleDateTime] [datetime] NULL,
	[NumberOfRetries] [int] NULL,
	[Active] [char](1) NULL,
	[DayOfWeek] [nvarchar](20) NULL
) ON [PRIMARY]
GO
 
 
SET ANSI_NULLS ON
GO
SET QUOTED_IDENTIFIER ON
GO
CREATE TABLE [dbo].[Flag](
	[Name] [nvarchar](20) NOT NULL,
	[Type] [nvarchar](20) NOT NULL,
	[TPAId] [nvarchar](20) NOT NULL,
	[Desc] [nvarchar](250) NULL,
	[AppliesTo] [nvarchar](20) NOT NULL
) ON [PRIMARY]
GO


SET ANSI_NULLS ON
GO
SET QUOTED_IDENTIFIER ON
GO
CREATE TABLE [dbo].[FileTypeMaster](
	[FileTypeId] [nvarchar](50) NULL,
	[FileTypeName] [nvarchar](50) NULL,
	[Owner] [nvarchar](50) NOT NULL,
	[IsActive] [char](1) NOT NULL,
	[ExpiresOn] [datetime] NOT NULL,
	[XMLSchemaURI] [nvarchar](50) NULL
) ON [PRIMARY]
GO



SET ANSI_NULLS ON
GO
SET QUOTED_IDENTIFIER ON
GO
CREATE TABLE [dbo].[FileLifeCycle](
	[FileTypeId] [nvarchar](50) NULL,
	[CycleId] [nvarchar](50) NULL,
	[NotifyOnFailure] [char](1) NULL,
	[NotifyOnSuccess] [char](1) NULL
) ON [PRIMARY]
GO


SET ANSI_NULLS ON
GO
SET QUOTED_IDENTIFIER ON
GO
CREATE TABLE [dbo].[FileInstance](
	[FileInstanceId] [nvarchar](20) NOT NULL,
	[CycleId] [nvarchar](20) NOT NULL,
	[PromotesTo] [nvarchar](20) NULL,
	[PromotesIn] [int] NULL,
	[FileTypeId] [nvarchar](20) NOT NULL,
	[ScheduleId] [nvarchar](20) NOT NULL
) ON [PRIMARY]
GO


SET ANSI_NULLS ON
GO
SET QUOTED_IDENTIFIER ON
GO
CREATE TABLE [dbo].[LifeCycleOverride](
	[CycleId] [nvarchar](50) NULL,
	[StartTimeOffset] [int] NULL
) ON [PRIMARY]
GO


SET ANSI_NULLS ON
GO
SET QUOTED_IDENTIFIER ON
GO
CREATE TABLE [dbo].[LifeCycle](
	[CycleId] [nvarchar](50) NULL,
	[CycleName] [nvarchar](50) NULL,
	[CycleState] [nvarchar](50) NULL,
	[CycleStateSeq] [int] NOT NULL,
	[CycleEntryPoint] [nvarchar](100) NULL,
	[CycleEndPoint] [nvarchar](100) NULL,
	[CycleStartTime] [time](7) NOT NULL,
	[CycleEndTime] [time](7) NOT NULL,
	[ContinueOnError] [nchar](1) NULL,
	[Pattern] [nvarchar](50) NULL,
	[ConfigFile] [nvarchar](50) NULL,
	[TPAId] [nvarchar](20) NULL,
	[CarrierId] [nvarchar](20) NULL,
	[MapType] [nvarchar](50) NULL,
	[ServiceType] [nvarchar](20) NULL,
	[EIN] [nvarchar](50) NULL,
	[Program] [nvarchar](10) NULL
) ON [PRIMARY]
GO
 

SET ANSI_NULLS ON
GO
SET QUOTED_IDENTIFIER ON
GO
CREATE TABLE [dbo].[CXCMapMaster](
	[MapId] [nvarchar](50) NULL,
	[TableName] [nvarchar](50) NOT NULL,
	[MapType] [nvarchar](50) NULL
) ON [PRIMARY]
GO



SET ANSI_NULLS ON
GO
SET QUOTED_IDENTIFIER ON
GO
CREATE TABLE [dbo].[CXCMap](
	[MapId] [nvarchar](50) NULL,
	[TableColumnName] [nvarchar](50) NOT NULL,
	[ColumnName] [nvarchar](200) NULL
) ON [PRIMARY]
GO
 

SET ANSI_NULLS ON
GO
SET QUOTED_IDENTIFIER ON
GO
CREATE TABLE [dbo].[CheckSum](
	[TpaId] [nvarchar](20) NOT NULL,
	[Type] [nvarchar](20) NULL,
	[SubType] [nvarchar](20) NULL,
	[InputFileName] [nvarchar] (100) NOT NULL,
	[ProcessedDate] [datetime] NULL,
	[CrossoverDate] [datetime] NULL,
	[OutputFileName] [nvarchar] (100) NOT NULL,
	[RecordCount] [int] Null
) ON [PRIMARY]
GO
  
 

 CREATE TABLE [dbo].[Employer](
	[Id] [int] IDENTITY(1,1) NOT NULL,
	[TpaId] [nvarchar](20) NOT NULL,
	[SenderId] [nvarchar](20) NOT NULL,
	[EIN] [nvarchar](50) NULL,
	[Name] [nvarchar](100)NOT NULL,
	[State] [nvarchar](50) NULL,
	[CrossoverDate] [date] NULL,	
	[Status] [nvarchar](20) NULL,
	[LastProcessedDate] [datetime] NULL,
	[TPAEmployerId] [nvarchar](50) NOT NULL,
	[HasMultiplePayrollGroups] [bit] NOT NULL,
	[XOFileName] [nvarchar](100) NOT NULL,
	[SourceFileType] [nvarchar](50) NOT NULL,
	[SourceFilePrefix] [nvarchar](50) NOT NULL, 
	[isLatest] [bit] NOT NULL,
CONSTRAINT [PK_Employer] PRIMARY KEY CLUSTERED 
(
	[TpaId] ASC,
	[TPAEmployerId]  ASC,
	[isLatest] ASC
)WITH (PAD_INDEX  = OFF, STATISTICS_NORECOMPUTE  = OFF, IGNORE_DUP_KEY = OFF, ALLOW_ROW_LOCKS  = ON, ALLOW_PAGE_LOCKS  = ON) ON [PRIMARY]
) ON [PRIMARY]
GO


  

CREATE TABLE [dbo].[Contact](
	[Id] [int] IDENTITY(1,1) NOT NULL,
	[TpaId] [nvarchar](20) NOT NULL,
	[TPAEmployerId] [nvarchar](50) NOT NULL,   --
	[Name] [nvarchar](100)  NULL,
	[PhoneNumber] [nvarchar](50)  NULL,
	[Email] [nvarchar](100) NULL, 
	[isLatest] [bit] NOT NULL 
) ON [PRIMARY]
GO
 
 

CREATE TABLE [dbo].[BenefitPlan](
	[Id] [int] IDENTITY(1,1) NOT NULL,
	[TpaId] [nvarchar](20) NOT NULL,
	[PlanName] [nvarchar](50) NOT NULL,
	[BenefitID] [nvarchar](50) NULL,   
     [Code] [nvarchar](20) NOT NULL,   
	[StartDate] [date]  NOT NULL,
	[EndDate] [date] NOT NULL ,
	[Type] [nvarchar](50)NOT NULL,
	[PlanId] [nvarchar](50) NOT NULL,  
	[PartnerPlanID] [nvarchar](50) NULL,  
	[TPAEmployerId] [nvarchar](50) NOT NULL, 
	[TPASystemPlanId] [nvarchar](50) NULL, 
	[isLatest] [bit] NOT NULL,
CONSTRAINT [PK_BenefitPlan] PRIMARY KEY CLUSTERED 
(
	[TpaId] ASC,
	[TPAEmployerId]  ASC,
	[Code]  ASC,
	[StartDate]  ASC,
	[isLatest] ASC
)WITH (PAD_INDEX  = OFF, STATISTICS_NORECOMPUTE  = OFF, IGNORE_DUP_KEY = OFF, ALLOW_ROW_LOCKS  = ON, ALLOW_PAGE_LOCKS  = ON) ON [PRIMARY]
) ON [PRIMARY]
GO

 
 


CREATE TABLE [dbo].[Employee](
	[Id] [int] IDENTITY(1,1) NOT NULL,
	[TpaId] [nvarchar](20) NOT NULL,
	[EmployeeId] [nvarchar](50) NOT NULL,	
	[EmployeeSSN] [nvarchar](50)NOT NULL,
	[MaritalStatus] [nvarchar](20)  NULL,
	[HireDate] [date]  NULL,  --Not null in specs
	[EmploymentStatus] [nvarchar](20)  NULL,
	[RetiredDate] [date] NULL,
	[TerminationDate] [date] NULL ,
	[DivisionName] [nvarchar](50)  NULL , 
	[PayFrequency] [int]  NOT NULL,
	[TPAEmployerId] [nvarchar](50) NOT NULL,
	[PhoneNumber] [nvarchar](20) NULL,
	[Email] [nvarchar](100) NULL,
     [FirstName] [nvarchar](50) NOT NULL,
	[MiddleName] [nvarchar](50) NULL,
	[LastName] [nvarchar](50) NOT NULL,
	[Gender] [nvarchar](20) NULL,
	[DOB] [date] NULL,
	[Address1] [nvarchar](100) NULL,
	[Address2] [nvarchar](100) NULL,
	[City] [nvarchar](50) NULL,
	[State] [nvarchar](50) NULL,
	[Country] [nvarchar](50) NULL,
	[Zip] [nvarchar](20) NULL,
	[CreatedDate] [datetime] NULL ,
	[LastModifiedDate] [datetime] NULL , 
	[isLatest] [bit] NOT NULL,
 CONSTRAINT [PK_Employee] PRIMARY KEY CLUSTERED 
(
	[TpaId] ASC,
	[TPAEmployerId]  ASC,
	[EmployeeID] ASC,
	[isLatest] ASC
)WITH (PAD_INDEX  = OFF, STATISTICS_NORECOMPUTE  = OFF, IGNORE_DUP_KEY = OFF, ALLOW_ROW_LOCKS  = ON, ALLOW_PAGE_LOCKS  = ON) ON [PRIMARY]
) ON [PRIMARY]
GO
 
 
  

 CREATE TABLE [dbo].[Dependent](
	[Id] [int] IDENTITY(1,1) NOT NULL,
	[TpaId] [nvarchar](20) NOT NULL,	
	[EmployeeId] [nvarchar](50) NOT NULL,
	[DependentSSN] [nvarchar](50) NOT NULL,
	[RelationShip] [nvarchar](20) NULL,
	[TPAEmployerId] [nvarchar](50) NOT NULL,
	[FirstName] [nvarchar](50) NOT NULL,
	[MiddleName] [nvarchar](50) NULL,
	[LastName] [nvarchar](50) NOT NULL,
	[Gender] [nvarchar](20) NULL,
	[DOB] [date]  NULL,
	[CreatedDate] [datetime] NULL ,
	[LastModifiedDate] [datetime] NULL,
	[Address1] [nvarchar](100) NULL,
	[Address2] [nvarchar](100) NULL,
	[City] [nvarchar](50) NULL,
	[State] [nvarchar](50) NULL,
	[Country] [nvarchar](50) NULL,
	[Zip] [nvarchar](20) NULL,
	[PhoneNumber] [nvarchar](20) NULL,
	[sequenceNumber] [int] NOT NULL ,
	[status] [nvarchar](50) NULL, 
	[isLatest] [bit] NOT NULL , 
  CONSTRAINT [PK_Dependent] PRIMARY KEY CLUSTERED 
(
	[TpaId] ASC,
	[TPAEmployerId]  ASC,
	[EmployeeID] ASC,
	[sequenceNumber] ASC,
	[isLatest] ASC
)WITH (PAD_INDEX  = OFF, STATISTICS_NORECOMPUTE  = OFF, IGNORE_DUP_KEY = OFF, ALLOW_ROW_LOCKS  = ON, ALLOW_PAGE_LOCKS  = ON) ON [PRIMARY]
) ON [PRIMARY]
GO
 
 

CREATE TABLE [dbo].[Enrollment](
	[Id] [int] IDENTITY(1,1) NOT NULL,
	[TpaId] [nvarchar](20) NOT NULL,	
	[EmployeeID] [nvarchar](50) NOT NULL,
	[CoverageLevel] [nvarchar](20) NULL,
	[EnrollmentPlan] [nvarchar](100) NOT NULL,
	[PlanStartDate] [date]  NOT NULL,
	[PlanEndDate] [date]  NULL, 
	[CreatedDate] [datetime] NULL ,
	[LastModifiedDate] [datetime] NULL,
	[PlanCode] [nvarchar](20) NOT NULL  ,
	[PlanShortCode] [nvarchar](5) NOT NULL  ,
	[TPAEmployerId] [nvarchar](50) NOT NULL,
	[CoverageStartDate] [datetime] NULL ,	
	[PerPayAmount] [smallmoney] NOT NULL,
	[EmployerPerPayAmount] [smallmoney] NOT NULL,
	[AnnualAmount] [smallmoney] NOT NULL,
	[EmployerAnnualAmount] [smallmoney] NOT NULL,
	[CoverageEndDate] [datetime] NULL ,	
	[CurrentElection] [smallmoney] NOT NULL,
	[PayFrequency] [int]  NULL ,	 
	[StartReason] [nvarchar](100) NOT NULL,
	[status] [nvarchar](50)  NULL,
	[isLatest] [bit] NOT NULL,
	 CONSTRAINT [PK_Enrollment] PRIMARY KEY CLUSTERED 
(
	[TpaId] ASC,
	[TPAEmployerId]  ASC,
	[EmployeeID] ASC,
	[PlanStartDate] ASC,
	[PlanCode] ASC,
	[StartReason] ASC,	 
	[isLatest] ASC
)WITH (PAD_INDEX  = OFF, STATISTICS_NORECOMPUTE  = OFF, IGNORE_DUP_KEY = OFF, ALLOW_ROW_LOCKS  = ON, ALLOW_PAGE_LOCKS  = ON) ON [PRIMARY]
) ON [PRIMARY]
GO

  


 CREATE TABLE [dbo].[ValueMap](
	[Id] [int] IDENTITY(1,1) NOT NULL,
	[tpaID] [nvarchar](30) NOT NULL,
	[fieldname] [nvarchar](30) NOT NULL,
	[inputValue] [nvarchar](50) NOT NULL,
	[valueInDB] [nvarchar](50) NOT NULL,
	[valueInAlegeusOutput] [nvarchar](50) NOT NULL
) ON [PRIMARY]
GO

CREATE TABLE [dbo].CalendarLookup(	 
	[tpaID] [nvarchar](30) NOT NULL,
	[EmployerName] [nvarchar](50)  NULL,
	[TpaEmployerId] [nvarchar](30) NOT NULL,
	[PayFrequency] [nvarchar](50) NOT NULL,
	[CalendarId] [nvarchar](50) NOT NULL
) ON [PRIMARY]
GO 


--ADD foriegn key constraints.   
--------------------------Foreign key constraints for Plan-----------------------------
ALTER TABLE [dbo].[BenefitPlan]  WITH  CHECK ADD  CONSTRAINT [FK_BenefitPlan_Employer] FOREIGN KEY([TPAId], [TPAEmployerId],[isLatest])
REFERENCES [dbo].[Employer] ([TPAId], [TPAEmployerId],[isLatest])   ON UPDATE CASCADE
GO
 

--------------------------Foreign key constraints for Employee-----------------------------


ALTER TABLE [dbo].[Employee]  WITH  CHECK ADD  CONSTRAINT [FK_Employee_Employer] FOREIGN KEY([TPAId], [TPAEmployerId],[isLatest])
REFERENCES [dbo].[Employer] ([TPAId], [TPAEmployerId],[isLatest])  ON UPDATE CASCADE
GO
 

--------------------------Foreign key constraints for Dependent-----------------------------
ALTER TABLE [dbo].[Dependent]  WITH  CHECK ADD  CONSTRAINT [FK_Dependent_Employer] FOREIGN KEY([TPAId], [TPAEmployerId],[isLatest])
REFERENCES [dbo].[Employer] ([TPAId], [TPAEmployerId],[isLatest])  ON UPDATE CASCADE
GO
 

ALTER TABLE [dbo].[Dependent]  WITH  CHECK ADD  CONSTRAINT [FK_Dependent_Employee] FOREIGN KEY([TPAId], [TPAEmployerId],[EmployeeID],[isLatest])
REFERENCES [dbo].[Employee] ([TPAId], [TPAEmployerId],[EmployeeID],[isLatest]) ON UPDATE NO ACTION
GO
 

--------------------------Foreign key constraints for Enrollment-----------------------------
ALTER TABLE [dbo].[Enrollment]  WITH  CHECK ADD  CONSTRAINT [FK_Enrollment_Employer] FOREIGN KEY([TPAId], [TPAEmployerId],[isLatest])
REFERENCES [dbo].[Employer] ([TPAId], [TPAEmployerId],[isLatest])  ON UPDATE CASCADE
GO
 
--GO

ALTER TABLE [dbo].[Enrollment]  WITH  CHECK ADD  CONSTRAINT [FK_Enrollment_Employee] FOREIGN KEY([TPAId], [TPAEmployerId],[EmployeeID],[isLatest])
REFERENCES [dbo].[Employee] ([TPAId], [TPAEmployerId],[EmployeeID],[isLatest])   ON UPDATE NO ACTION
GO

ALTER TABLE [dbo].[Enrollment]  WITH  CHECK ADD  CONSTRAINT [FK_Enrollment_BenefitPlan] FOREIGN KEY([TPAId], [TPAEmployerId],[PlanCode],[PlanStartDate],[isLatest])
REFERENCES [dbo].[BenefitPlan] ([TPAId],[TPAEmployerId],[Code],[StartDate],[isLatest])  ON UPDATE NO ACTION
GO
 

 -----------------
 ALTER TABLE [dbo].[Contact]  WITH  CHECK ADD  CONSTRAINT [FK_Contact_Employer] FOREIGN KEY([TPAId], [TPAEmployerId],[isLatest])
REFERENCES [dbo].[Employer] ([TPAId], [TPAEmployerId],[isLatest])  ON UPDATE CASCADE
GO
 


CREATE ASSEMBLY [CXCUDF]
AUTHORIZATION [dbo]
FROM 0x4D5A90000300000004000000FFFF0000B800000000000000400000000000000000000000000000000000000000000000000000000000000000000000800000000E1FBA0E00B409CD21B8014CCD21546869732070726F6772616D2063616E6E6F742062652072756E20696E20444F53206D6F64652E0D0D0A2400000000000000504500004C0103009C6FE4500000000000000000E00002210B0108000012000000060000000000004E300000002000000040000000004000002000000002000004000000000000000400000000000000008000000002000000000000030040850000100000100000000010000010000000000000100000000000000000000000F42F000057000000004000005803000000000000000000000000000000000000006000000C0000007C2F00001C0000000000000000000000000000000000000000000000000000000000000000000000000000000000000000200000080000000000000000000000082000004800000000000000000000002E7465787400000054100000002000000012000000020000000000000000000000000000200000602E7273726300000058030000004000000004000000140000000000000000000000000000400000402E72656C6F6300000C0000000060000000020000001800000000000000000000000000004000004200000000000000000000000000000000303000000000000048000000020005004C240000300B000001000000000000000000000000000000000000000000000000000000000000000000000000000000000000000000000000000000000000001B300400310000000100001100002804000006800100000400DE200A007201000070066F1000000A7229000070066F1100000A281200000A0B067A002A00000001100000000001000E0F002013000001133003003D000000020000110002281300000A16FE010C082D09007E1400000A0B2B24027E010000046F1500000A7E010000046F1600000A28050000060A06281700000A0B2B00072A000000133003003D000000020000110002281300000A16FE010C082D09007E1400000A0B2B2402281800000A0A067E010000046F1500000A7E010000046F1600000A28060000060B2B00072A000000133005007B0000000300001100722D0000700A72450000700B725D0000700C190D7265000070130420000100001305281900000A11046F1A00000A1306281900000A076F1A00000A13070611070809731B00000A1308110811051E5B6F1C00000A1309731D00000A130A110A11096F1E00000A00110A11066F1F00000A00110A130B2B00110B2A001B300400FE0000000400001100022C0B026F2000000A16FE022B0116130611062D0B7287000070732100000A7A032C08038E6916FE022B0116130611062D0B729B000070732100000A7A042C08048E6916FE022B0116130611062D0B72A3000070732100000A7A140A140B00731D00000A0B07036F1E00000A0007046F1F00000A0007076F1500000A076F1600000A6F2200000A0C732300000A0A060817732400000A0D0009732500000A1304001104026F2600000A0000DE14110414FE01130611062D0811046F2700000A00DC0000DE120914FE01130611062D07096F2700000A00DC0000DE14000714FE01130611062D07076F2800000A0000DC00066F2900000A13052B0011052A0000012800000200A1000DAE001400000000020098002EC600120000000002005F007DDC0014000000001B3004000F0100000500001100022C08028E6916FE022B0116130711072D0B72A9000070732100000A7A032C08038E6916FE022B0116130711072D0B729B000070732100000A7A042C08048E6916FE022B0116130711072D0B72A3000070732100000A7A140A140B00731D00000A0A06036F1E00000A0006046F1F00000A0006066F1500000A066F1600000A6F2A00000A0C02732B00000A0D00090816732400000A1304001104732C00000A130511056F2D00000A0BDE14110514FE01130711072D0811056F2700000A00DC0000DE14110414FE01130711072D0811046F2700000A00DC0000DE120914FE01130711072D07096F2700000A00DC0000DE14000614FE01130711072D07066F2800000A0000DC000713062B0011062A00013400000200A2000AAC001400000000020098002CC400140000000002008D004FDC00120000000002005C0096F20014000000001E02282E00000A2A42534A4201000100000000000C00000076322E302E35303732370000000005006C00000074030000237E0000E0030000E004000023537472696E677300000000C0080000C0000000235553008009000010000000234755494400000090090000A001000023426C6F620000000000000002000001571502000900000000FA2533001600000100000024000000020000000100000007000000080000002E0000000D00000005000000010000000100000000000A00010000000000060032002B00060056003900060021010F01060038010F01060055010F01060074010F0106008D010F010600A6010F010600C1010F010600DC010F0106001402F50106002802F501060036020F0106004F020F0106007F026C023F00930200000600C202A2020600E202A202060007032B0006002C032B0006004E033900060070032B000600A40398030600BF0339000600D30339000600F9032B0006000F04390006003A04300406004704390006005404300406005B04390006006C04300406007904300406008A042B000600BC0430040600C904300400000000010000000000010001000100000015001E00050001000100310066000A00502000000000911871000E000100A020000000009600780012000100EC200000000096008000120002003821000000009100880017000300C021000000009100A3001C000300F422000000009100BC00260006004424000000008618D7003000090000000100DD0000000100E60000000100F30000000200FD0000000300010100000100040100000200FD000000030001011900D70034002100D70034002900D70034003100D70034003900D70034004100D70034004900D70034005100D70034005900D70039006100D70034006900D70034007100D70034007900D7003E008900D70044009100D700300099001103490099001D034900A10033034D00A1003A035B00A10048036000A90061036300A90069036300B10078036800B10087037500B900AD037B00B900B6038000C100D7008600C900B6038F001100D7003000A900DF039500A900E7039500A100EE03B000D100D7003400A9002004B400E100D7003000E900D700BD000101D700C700090184043400110196043000A9009E043000E100A4046300A900AC04B400E100D70095001901D700C7002101D40449000900D70030002E000B00EF002E00130002012E001B0002012E00230008012E002B00EF002E00330017012E003B0002012E004B0002012E00530038012E00630062012E006B006F012E00730078012E007B00810155006E009B00CD00DE0004800000010000000000000000000000000000030000020000000000000000000000010022000000000000000000003C4D6F64756C653E004358435544462E646C6C00536563757269747900435843006D73636F726C69620053797374656D004F626A6563740053797374656D2E53656375726974792E43727970746F6772617068790052696A6E6461656C4D616E61676564006D7952696E6A6461656C002E6363746F7200456E637279707400446563727970740067657452696A6E6461656C4D616E61676564496E7374616E636500656E6372797074537472696E67546F42797465735F4145530064656372797074537472696E6746726F6D42797465735F414553002E63746F7200706C61696E53747200656E6372797074656453747200706C61696E54657874004B657900495600636970686572546578740053797374656D2E5265666C656374696F6E00417373656D626C795469746C6541747472696275746500417373656D626C794465736372697074696F6E41747472696275746500417373656D626C79436F6E66696775726174696F6E41747472696275746500417373656D626C79436F6D70616E7941747472696275746500417373656D626C7950726F6475637441747472696275746500417373656D626C79436F7079726967687441747472696275746500417373656D626C7954726164656D61726B41747472696275746500417373656D626C7943756C747572654174747269627574650053797374656D2E52756E74696D652E496E7465726F70536572766963657300436F6D56697369626C65417474726962757465004775696441747472696275746500417373656D626C7956657273696F6E41747472696275746500417373656D626C7946696C6556657273696F6E4174747269627574650053797374656D2E446961676E6F73746963730044656275676761626C6541747472696275746500446562756767696E674D6F6465730053797374656D2E52756E74696D652E436F6D70696C6572536572766963657300436F6D70696C6174696F6E52656C61786174696F6E734174747269627574650052756E74696D65436F6D7061746962696C6974794174747269627574650043584355444600457863657074696F6E006765745F4D657373616765006765745F537461636B547261636500537472696E6700436F6E6361740049734E756C6C4F72456D70747900456D7074790053796D6D6574726963416C676F726974686D006765745F4B6579006765745F495600436F6E7665727400546F426173653634537472696E670046726F6D426173653634537472696E670053797374656D2E5465787400456E636F64696E67006765745F555446380047657442797465730050617373776F72644465726976654279746573004465726976654279746573007365745F4B6579007365745F4956006765745F4C656E67746800417267756D656E744E756C6C457863657074696F6E004943727970746F5472616E73666F726D00437265617465456E63727970746F720053797374656D2E494F004D656D6F727953747265616D0043727970746F53747265616D0053747265616D0043727970746F53747265616D4D6F64650053747265616D57726974657200546578745772697465720057726974650049446973706F7361626C6500446973706F736500436C65617200546F417272617900437265617465446563727970746F720053747265616D52656164657200546578745265616465720052656164546F456E6400000000274500720072006F007200200069006E002000530065006300750072006900740079002E000A0000030A000017350021003900540023003800340030002A004D00370000173400290032004A0030004D005E00390024004100310000074D004400350000214900400035004C00320050003100530024004E0021002A005000240041005200001370006C00610069006E00540065007800740000074B0065007900000549005600001563006900700068006500720054006500780074000000851ACB0987D48A4A83E552ACD8C0B4630008B77A5C561934E08903061209030000010400010E0E04000012090900031D050E1D051D050900030E1D051D051D0503200001042001010E042001010205200101114104200101080320000E0700040E0E0E0E0E050702124D0E040001020E02060E0420001D050500010E1D050607031D050E020500011D050E040000125D0520011D050E082004010E1D050E080520011D0508052001011D0514070C0E0E0E080E081D051D0512611D051209120903200008082002126D1D051D05092003011279126D117D05200101127910070712711209126D12751280811D050210070812090E126D1271127512808D0E021201000D436C6173734C6962726172793100000501000000000E0100094D6963726F736F667400002001001B436F7079726967687420C2A9204D6963726F736F6674203230313000002901002431306234333763302D636233632D343231622D616664382D61613037633966366439353900000C010007312E302E302E3000000801000701000000000801000800000000001E01000100540216577261704E6F6E457863657074696F6E5468726F777301000000009C6FE45000000000020000005A000000982F000098110000525344536A3E1532F7C2164193A7833B9DEC2ECC01000000483A5C6765657468615C7574696C69746965735C53716C536572766572417373656D626C795C4358435544465C6F626A5C44656275675C4358435544462E7064620000001C30000000000000000000003E300000002000000000000000000000000000000000000000000000303000000000000000000000000000000000000000005F436F72446C6C4D61696E006D73636F7265652E646C6C0000000000FF2500204000000000000000000000000000000000000000000000000000000000000000000000000000000000000000000000000000000000000000000000000000000000000000000000000000000000000000000000000000000000000000000000000000000000000000000000000000000000000000000000000000000000000000000000000000000000000000000000000000000000000000000000000000000000000000000000000000000000000000000000000000000000000000000000000000000000000000000000000000000000000000000000000000000000000000000000000000000000000000000000000000000000000000000000000000000000000000000000000000000000000000000000000000000000000000000000000000000000000000000000000000000000000000000000000000000000000000000000000000000000000000000000000000000000000000000000000000000000000000000000000000000000000000000000000000000000000000000000000000000000000000000000000000000000000000000000000000000000000000000000000000000000000000000000000000000000000000000000000100100000001800008000000000000000000000000000000100010000003000008000000000000000000000000000000100000000004800000058400000000300000000000000000000000334000000560053005F00560045005200530049004F004E005F0049004E0046004F0000000000BD04EFFE00000100000001000000000000000100000000003F000000000000000400000002000000000000000000000000000000440000000100560061007200460069006C00650049006E0066006F00000000002400040000005400720061006E0073006C006100740069006F006E00000000000000B00460020000010053007400720069006E006700460069006C00650049006E0066006F0000003C020000010030003000300030003000340062003000000034000A00010043006F006D00700061006E0079004E0061006D006500000000004D006900630072006F0073006F0066007400000044000E000100460069006C0065004400650073006300720069007000740069006F006E000000000043006C006100730073004C0069006200720061007200790031000000300008000100460069006C006500560065007200730069006F006E000000000031002E0030002E0030002E003000000038000B00010049006E007400650072006E0061006C004E0061006D00650000004300580043005500440046002E0064006C006C00000000005C001B0001004C006500670061006C0043006F007000790072006900670068007400000043006F0070007900720069006700680074002000A90020004D006900630072006F0073006F0066007400200032003000310030000000000040000B0001004F0072006900670069006E0061006C00460069006C0065006E0061006D00650000004300580043005500440046002E0064006C006C00000000003C000E000100500072006F0064007500630074004E0061006D0065000000000043006C006100730073004C0069006200720061007200790031000000340008000100500072006F006400750063007400560065007200730069006F006E00000031002E0030002E0030002E003000000038000800010041007300730065006D0062006C0079002000560065007200730069006F006E00000031002E0030002E0030002E0030000000000000000000000000000000000000000000000000000000000000000000000000000000000000000000000000000000000000000000000000000000000000000000000000000000000000000000000000000000000000000000000000000000000000000000000000000000000000000000000000000000000000000000000000000000000000000000000000000000000000000000000000000000000000000000000000000000003000000C000000503000000000000000000000000000000000000000000000000000000000000000000000000000000000000000000000000000000000000000000000000000000000000000000000000000000000000000000000000000000000000000000000000000000000000000000000000000000000000000000000000000000000000000000000000000000000000000000000000000000000000000000000000000000000000000000000000000000000000000000000000000000000000000000000000000000000000000000000000000000000000000000000000000000000000000000000000000000000000000000000000000000000000000000000000000000000000000000000000000000000000000000000000000000000000000000000000000000000000000000000000000000000000000000000000000000000000000000000000000000000000000000000000000000000000000000000000000000000000000000000000000000000000000000000000000000000000000000000000000000000000000000000000000000000000000000000000000000000000000000000000000000000000000000000000000000000000000000000000000000000000000000000000000000000000000000000000000000000000000000000000000000000000000000000000000000000000000000000
WITH PERMISSION_SET = SAFE
GO
 
 /****** Object:  UserDefinedFunction [dbo].[DecryptValue]    Script Date: 03/28/2017 13:54:30 ******/
CREATE FUNCTION [dbo].[DecryptValue](@encryptedValue [nvarchar](50))
RETURNS [nvarchar](50) WITH EXECUTE AS CALLER
AS 
EXTERNAL NAME [CXCUDF].[CXC.Security].[Decrypt]
GO




---Schema changes for eligibilityXO--


ALTER TABLE [ValueMap] ADD [SourceFileType] [nvarchar](30) NOT NULL

ALTER TABLE [Employee] ADD [EmployeeNumber] [nvarchar](50) NULL

ALTER TABLE [CalendarLookUp]
ALTER COLUMN [EmployerName] nvarchar(100)

ALTER TABLE [BenefitPlan] ALTER COLUMN [PlanName] nvarchar(100)

ALTER TABLE [Enrollment] ADD [OriginalCoverageStartDate] [datetime] NOT NULL 
ALTER TABLE [Enrollment] ALTER COLUMN [CoverageStartDate] [datetime] NOT NULL 
ALTER TABLE [Enrollment] DROP CONSTRAINT [PK_Enrollment]
ALTER TABLE [Enrollment] ADD CONSTRAINT [PK_Enrollment] PRIMARY KEY ([TpaId],[TPAEmployerId],[EmployeeID],[CoverageStartDate],[PlanCode],[StartReason] ,[isLatest] )


exec sp_rename 'BenefitPlan.TpaId', 'TPAId', 'COLUMN'; 
exec sp_rename 'BenefitPlan.BenefitID', 'BenefitId', 'COLUMN';
exec sp_rename 'BenefitPlan.isLatest', 'IsLatest', 'COLUMN';
exec sp_rename 'BenefitPlan.PartnerPlanID', 'PartnerPlanId', 'COLUMN';

exec sp_rename 'CalendarLookUp.tpaID', 'TPAId', 'COLUMN';
exec sp_rename 'CalendarLookUp.TpaEmployerId', 'TPAEmployerId', 'COLUMN';

exec sp_rename 'CheckSum.TpaId', 'TPAId', 'COLUMN';

exec sp_rename 'Contact.TpaId', 'TPAId', 'COLUMN';
exec sp_rename 'Contact.isLatest', 'IsLatest', 'COLUMN';

exec sp_rename 'Dependent.TpaId', 'TPAId', 'COLUMN';
exec sp_rename 'Dependent.sequenceNumber', 'SequenceNumber', 'COLUMN';
exec sp_rename 'Dependent.status', 'Status', 'COLUMN';
exec sp_rename 'Dependent.isLatest', 'IsLatest', 'COLUMN';
exec sp_rename 'Dependent.RelationShip', 'Relationship', 'COLUMN';

exec sp_rename 'Employee.TpaId', 'TPAId', 'COLUMN';
exec sp_rename 'Employee.isLatest', 'IsLatest', 'COLUMN';

exec sp_rename 'Employer.TpaId', 'TPAId', 'COLUMN';
exec sp_rename 'Employer.isLatest', 'IsLatest', 'COLUMN';

exec sp_rename 'Enrollment.TpaId', 'TPAId', 'COLUMN';
exec sp_rename 'Enrollment.status', 'Status', 'COLUMN';
exec sp_rename 'Enrollment.isLatest', 'IsLatest', 'COLUMN';
exec sp_rename 'Enrollment.EmployeeID', 'EmployeeId', 'COLUMN';

exec sp_rename 'ValueMap.tpaID', 'TPAId', 'COLUMN';
exec sp_rename 'ValueMap.fieldname', 'FieldName', 'COLUMN';
exec sp_rename 'ValueMap.inputValue', 'InputValue', 'COLUMN';
exec sp_rename 'ValueMap.valueInDB', 'ValueInDb', 'COLUMN';
exec sp_rename 'ValueMap.valueInAlegeusOutput', 'ValueInAlegeusOutput', 'COLUMN';

---- enhancement post tax--------------

 CREATE TABLE [dbo].[EmployerRule](
	[Id] [int] IDENTITY(1,1) NOT NULL,
	[TpaId] [nvarchar](30) NOT NULL,
	[TPAEmployerId] [nvarchar](30) NOT NULL,
	[EmployerName] [nvarchar](50) NOT NULL,
	[CrossoverDate] [date] NULL,
	[RuleName] [nvarchar](50) NOT NULL,
	[RuleValue] [nvarchar](50) NOT NULL
) ON [PRIMARY]
GO


 
ALTER TABLE [dbo].[Contact] DROP CONSTRAINT [FK_Contact_Employer] ;
ALTER TABLE [dbo].[Dependent] DROP CONSTRAINT [FK_Dependent_Employer] ;
ALTER TABLE [dbo].[Dependent] DROP CONSTRAINT [FK_Dependent_Employee] ;
ALTER TABLE [dbo].[Employee] DROP CONSTRAINT [FK_Employee_Employer] ;
ALTER TABLE [dbo].[BenefitPlan] DROP CONSTRAINT [FK_BenefitPlan_Employer] ;
ALTER TABLE [dbo].[Enrollment] DROP CONSTRAINT [FK_Enrollment_BenefitPlan] ;
ALTER TABLE [dbo].[Enrollment] DROP CONSTRAINT [FK_Enrollment_Employer] ;
ALTER TABLE [dbo].[Enrollment] DROP CONSTRAINT [FK_Enrollment_Employee] ;

ALTER TABLE [dbo].[Dependent] DROP CONSTRAINT [PK_Dependent]
ALTER TABLE [dbo].[BenefitPlan] DROP CONSTRAINT [PK_BenefitPlan]
ALTER TABLE [dbo].[Employer] DROP CONSTRAINT [PK_Employer] 
ALTER TABLE [dbo].[Employee] DROP CONSTRAINT [PK_Employee]
ALTER TABLE [dbo].[Enrollment] DROP CONSTRAINT [PK_Enrollment]


ALTER TABLE [Employee]
ADD CONSTRAINT [PK_Employee] PRIMARY KEY (ID); 

ALTER TABLE [Employer]
ADD CONSTRAINT [PK_Employer] PRIMARY KEY (ID); 


ALTER TABLE [Dependent]
ADD CONSTRAINT [PK_Dependent] PRIMARY KEY (ID); 


ALTER TABLE [Enrollment]
ADD CONSTRAINT [PK_Enrollment] PRIMARY KEY (ID); 

ALTER TABLE [BenefitPlan]
ADD CONSTRAINT [PK_BenefitPlan] PRIMARY KEY (ID); 



CREATE UNIQUE NONCLUSTERED INDEX [UX_Employer_Index] ON dbo.[Employer]([TPAId], [TPAEmployerId],[isLatest])
CREATE UNIQUE NONCLUSTERED INDEX [UX_Employee_Index] ON dbo.[Employee]([TPAId], [TPAEmployerId],[EmployeeID],[isLatest])
CREATE UNIQUE NONCLUSTERED INDEX [UX_BenefitPlan_Index] ON dbo.[BenefitPlan]([TPAId],[TPAEmployerId],[Code],[StartDate],[isLatest])
CREATE UNIQUE NONCLUSTERED INDEX [UX_Enrollment_Index] ON dbo.[Enrollment] ([TpaId],[TPAEmployerId],[EmployeeID],[CoverageStartDate],[PlanCode],[StartReason] ,[isLatest] )

--ADD foriegn key constraints.   
--------------------------Foreign key constraints for Plan-----------------------------
ALTER TABLE [dbo].[BenefitPlan]  WITH  CHECK ADD  CONSTRAINT [FK_BenefitPlan_Employer] FOREIGN KEY([TPAId], [TPAEmployerId],[isLatest])
REFERENCES [dbo].[Employer] ([TPAId], [TPAEmployerId],[isLatest])   ON UPDATE CASCADE
GO
 

--------------------------Foreign key constraints for Employee-----------------------------


ALTER TABLE [dbo].[Employee]  WITH  CHECK ADD  CONSTRAINT [FK_Employee_Employer] FOREIGN KEY([TPAId], [TPAEmployerId],[isLatest])
REFERENCES [dbo].[Employer] ([TPAId], [TPAEmployerId],[isLatest])  ON UPDATE CASCADE
GO
 

--------------------------Foreign key constraints for Dependent-----------------------------
ALTER TABLE [dbo].[Dependent]  WITH  CHECK ADD  CONSTRAINT [FK_Dependent_Employer] FOREIGN KEY([TPAId], [TPAEmployerId],[isLatest])
REFERENCES [dbo].[Employer] ([TPAId], [TPAEmployerId],[isLatest])  ON UPDATE CASCADE
GO
 

ALTER TABLE [dbo].[Dependent]  WITH  CHECK ADD  CONSTRAINT [FK_Dependent_Employee] FOREIGN KEY([TPAId], [TPAEmployerId],[EmployeeID],[isLatest])
REFERENCES [dbo].[Employee] ([TPAId], [TPAEmployerId],[EmployeeID],[isLatest]) ON UPDATE NO ACTION
GO
 

--------------------------Foreign key constraints for Enrollment-----------------------------
ALTER TABLE [dbo].[Enrollment]  WITH  CHECK ADD  CONSTRAINT [FK_Enrollment_Employer] FOREIGN KEY([TPAId], [TPAEmployerId],[isLatest])
REFERENCES [dbo].[Employer] ([TPAId], [TPAEmployerId],[isLatest])  ON UPDATE CASCADE
GO
 
--GO

ALTER TABLE [dbo].[Enrollment]  WITH  CHECK ADD  CONSTRAINT [FK_Enrollment_Employee] FOREIGN KEY([TPAId], [TPAEmployerId],[EmployeeID],[isLatest])
REFERENCES [dbo].[Employee] ([TPAId], [TPAEmployerId],[EmployeeID],[isLatest])   ON UPDATE NO ACTION
GO




ALTER TABLE [dbo].[Enrollment]  WITH  CHECK ADD  CONSTRAINT [FK_Enrollment_BenefitPlan] FOREIGN KEY([TPAId], [TPAEmployerId],[PlanCode],[PlanStartDate],[isLatest])
REFERENCES [dbo].[BenefitPlan] ([TPAId],[TPAEmployerId],[Code],[StartDate],[isLatest])  ON UPDATE NO ACTION
GO
 

 -----------------
 ALTER TABLE [dbo].[Contact]  WITH  CHECK ADD  CONSTRAINT [FK_Contact_Employer] FOREIGN KEY([TPAId], [TPAEmployerId],[isLatest])
REFERENCES [dbo].[Employer] ([TPAId], [TPAEmployerId],[isLatest])  ON UPDATE CASCADE
GO




ALTER TABLE [Enrollment] ADD [Notes] nvarchar(100)null
ALTER TABLE [Enrollment] DROP COLUMN [EnrollmentPlan];
ALTER TABLE [CalendarLookup] ALTER COLUMN [CalendarId] [nvarchar](50) NULL

ALTER TABLE [Employee] ALTER COLUMN [PayFrequency] [int] NULL
ALTER TABLE [Employee] ADD [Status][nvarchar](20) NULL
ALTER TABLE Enrollment ALTER COLUMN CoverageLevel nvarchar(30) NULL










--Insert Scripts for Flag table.
insert into Flag values('Y', 'Complete', 'CXC', 'Alegeus File and reports generated', 'Employer');
insert into Flag values('TBD', 'Pending', 'CXC', 'Alegeus File and report generation pending', 'Employer');
insert into Flag values('NOSSN', 'Filtered', 'CXC', 'DependentSSN not present in file', 'Dependent');
insert into Flag values('ONEDAYCOV', 'Filtered', 'CXC', 'CoverageStartDate same as CoverageEndDate for enrollment', 'Enrollment');
insert into Flag values('OLDCOV', 'Filtered', 'CXC', 'Enrollment has old Coverage', 'Enrollment');
insert into Flag values('NOCAL', 'Filtered', 'CXC', 'Employee frequency mapping not present in calendar lookup', 'Enrollment'); 
insert into Flag values('NOPF', 'Manual', 'CXC', 'Employee Pay Frequency is blank or missing', 'Employee'); 
insert into Flag values('EXPINPRNT', 'Filtered', 'CXC', 'Parent is flagged', 'Enrollment'); 
insert into Flag values('EXPINPRNT', 'Filtered', 'CXC', 'Parent is flagged', 'Dependent'); 



INSERT [dbo].[CXCMapMaster] ([MapId], [TableName], [MapType]) VALUES ('CalendarLookup', 'Claim', 'CalendarLookup')
INSERT [dbo].[CXCMap] ([MapId], [TableColumnName], [ColumnName]) VALUES ('CalendarLookup', 'EmployerName', 'EmployerName')
INSERT [dbo].[CXCMap] ([MapId], [TableColumnName], [ColumnName]) VALUES ('CalendarLookup', 'TpaEmployerId', 'EmployerId')
INSERT [dbo].[CXCMap] ([MapId], [TableColumnName], [ColumnName]) VALUES ('CalendarLookup', 'PayFrequency', 'PayFrequency')
INSERT [dbo].[CXCMap] ([MapId], [TableColumnName], [ColumnName]) VALUES ('CalendarLookup', 'CalendarId', 'CalendarId')


  
--Generate Alegeus File meta data
 insert into CXCMapMaster (MapId, TableName, MapType) Values('AlegeusGen','Eligibility','AlegeusGen');

insert into CXCMap (MapId, TableColumnName, ColumnName) Values('AlegeusGen','TPAId','TPAId');
insert into CXCMap (MapId, TableColumnName, ColumnName) Values('AlegeusGen','TPAEmployerId','EmployerId');
insert into CXCMap (MapId, TableColumnName, ColumnName) Values('AlegeusGen','EmployeeSSN','EmployeeSSN');
insert into CXCMap (MapId, TableColumnName, ColumnName) Values('AlegeusGen','FirstName','FirstName');
insert into CXCMap (MapId, TableColumnName, ColumnName) Values('AlegeusGen','LastName','LastName');
insert into CXCMap (MapId, TableColumnName, ColumnName) Values('AlegeusGen','MiddleName','MiddleInitial');
insert into CXCMap (MapId, TableColumnName, ColumnName) Values('AlegeusGen','PhoneNumber','PhoneNumber');
insert into CXCMap (MapId, TableColumnName, ColumnName) Values('AlegeusGen','Address1','AddressLine1');
insert into CXCMap (MapId, TableColumnName, ColumnName) Values('AlegeusGen','Address2','AddressLine2');
insert into CXCMap (MapId, TableColumnName, ColumnName) Values('AlegeusGen','City','City');
insert into CXCMap (MapId, TableColumnName, ColumnName) Values('AlegeusGen','State','State');
insert into CXCMap (MapId, TableColumnName, ColumnName) Values('AlegeusGen','Zip','Zip');
insert into CXCMap (MapId, TableColumnName, ColumnName) Values('AlegeusGen','Country','Country');
insert into CXCMap (MapId, TableColumnName, ColumnName) Values('AlegeusGen','Email','Email');
insert into CXCMap (MapId, TableColumnName, ColumnName) Values('AlegeusGen','EmployeeNumber','EmployeeNumber');
insert into CXCMap (MapId, TableColumnName, ColumnName) Values('AlegeusGen','EmployeeStatus','EmployeeStatus');
insert into CXCMap (MapId, TableColumnName, ColumnName) Values('AlegeusGen','Gender','Gender');
insert into CXCMap (MapId, TableColumnName, ColumnName) Values('AlegeusGen','MaritalStatus','MaritalStatus');
insert into CXCMap (MapId, TableColumnName, ColumnName) Values('AlegeusGen','BirthDate','BirthDate');
insert into CXCMap (MapId, TableColumnName, ColumnName) Values('AlegeusGen','PlanId','PlanId');
insert into CXCMap (MapId, TableColumnName, ColumnName) Values('AlegeusGen','Plancode','AccountTypeCode');
insert into CXCMap (MapId, TableColumnName, ColumnName) Values('AlegeusGen','PlanShortCode','PlanShortCode');
insert into CXCMap (MapId, TableColumnName, ColumnName) Values('AlegeusGen','PlanStartDate','EmployerPlanYearStartDate');
insert into CXCMap (MapId, TableColumnName, ColumnName) Values('AlegeusGen','PlanEndDate','EmployerPlanYearEndDate');
insert into CXCMap (MapId, TableColumnName, ColumnName) Values('AlegeusGen','AccountStatus','AccountStatus');
insert into CXCMap (MapId, TableColumnName, ColumnName) Values('AlegeusGen','CoverageLevel','CoverageLevel');
insert into CXCMap (MapId, TableColumnName, ColumnName) Values('AlegeusGen','CurrentElection','AnnualElectionAmount');
insert into CXCMap (MapId, TableColumnName, ColumnName) Values('AlegeusGen','PerPayAmount','EmployeePerPayPeriodAmount');
insert into CXCMap (MapId, TableColumnName, ColumnName) Values('AlegeusGen','EmployerPerPayAmount','EmployerPerPayPeriodAmount');
insert into CXCMap (MapId, TableColumnName, ColumnName) Values('AlegeusGen','OriginalCoverageStartDate','EffectiveDate');
insert into CXCMap (MapId, TableColumnName, ColumnName) Values('AlegeusGen','CoverageEndDate','TerminationDate');
insert into CXCMap (MapId, TableColumnName, ColumnName) Values('AlegeusGen','AutoAddDependents','AutoAddDependents');
insert into CXCMap (MapId, TableColumnName, ColumnName) Values('AlegeusGen','AutoDepositCalendarId','AutoDepositCalendarId');
insert into CXCMap (MapId, TableColumnName, ColumnName) Values('AlegeusGen','HireDate','HireDate');
insert into CXCMap (MapId, TableColumnName, ColumnName) Values('AlegeusGen','OriginalHireDate','OriginalHireDate');
insert into CXCMap (MapId, TableColumnName, ColumnName) Values('AlegeusGen','DivisionName','Division');
insert into CXCMap (MapId, TableColumnName, ColumnName) Values('AlegeusGen','OptionToEnterElectionAmounts','OptionToEnterElectionAmounts');
insert into CXCMap (MapId, TableColumnName, ColumnName) Values('AlegeusGen','DependentStatus','DependentStatus');
insert into CXCMap (MapId, TableColumnName, ColumnName) Values('AlegeusGen','Relationship','Relationship');
insert into CXCMap (MapId, TableColumnName, ColumnName) Values('AlegeusGen','FulltimeStudent','FulltimeStudent');



--mapping meta data for Prefunding insert
INSERT [dbo].[CXCMapMaster] ([MapId], [TableName], [MapType]) VALUES (N'PrefundPkgTrn', N'EmployerRule', N'PrefundPkgTrn');

insert into CXCMap (MapId, TableColumnName, ColumnName) Values('PrefundPkgTrn', 'TPAId','TPAId');
insert into CXCMap (MapId, TableColumnName, ColumnName) Values('PrefundPkgTrn', 'TpaEmployerId','EmployerId');
insert into CXCMap (MapId, TableColumnName, ColumnName) Values('PrefundPkgTrn', 'EmployerName','EmployerName');






--eligibility insert  meta Data



 INSERT [dbo].[FileTypeMaster] ([FileTypeId], [FileTypeName], [Owner], [IsActive], [ExpiresOn], [XMLSchemaURI]) 
VALUES (N'ABG_Eligibility_Ins', N'ABG_Eligibility_Ins', N'ABG', N'Y', CAST(0x00009CF000000000 AS DateTime), NULL);

INSERT [dbo].[Schedule] ([ScheduleId], [FileTypeId], [ScheduleDateTime], [NumberOfRetries], [Active], [DayOfWeek]) 
VALUES (N'ABG_Eligibility_Ins', N'ABG_Eligibility_Ins', CAST(0x00009D74011826C0 AS DateTime), 3, N'N', N'0,1,2,3,4,5,6');

INSERT [dbo].[LifeCycle] ([CycleId], [CycleName], [CycleState], [CycleStateSeq], [CycleEntryPoint], [CycleEndPoint], [CycleStartTime], [CycleEndTime], [ContinueOnError], [Pattern],[ConfigFile],[TPAId], [CarrierId],[MapType]) 
VALUES (N'ABG_Eligibility_Ins', N'ABG_Eligibility_Ins', N'PULL', 1, N'ftp\ABG\EligibilityXO\toCXC\empNav', N'staging\EligibilityXO\ABG\in\eligibility', CAST(0x070068C461080000 AS Time), CAST(0x070082357A0A0000 AS Time), N' ', 'Cafeteria_XML_*.xml', null, 'ABG', null, null);

INSERT [dbo].[LifeCycle] ([CycleId], [CycleName], [CycleState], [CycleStateSeq], [CycleEntryPoint], [CycleEndPoint], [CycleStartTime], [CycleEndTime], [ContinueOnError], [Pattern],[ConfigFile],[TPAId], [CarrierId],[MapType]) 
VALUES (N'ABG_Eligibility_Ins', N'ABG_Eligibility_Ins', N'INSERT_ELIGIBILITY', 2, N'staging\EligibilityXO\ABG\in\eligibility', NULL, CAST(0x070080D1F0080000 AS Time), CAST(0x070082357A0A0000 AS Time), N' ', null, null, 'ABG', null, null);

INSERT [dbo].[LifeCycle] ([CycleId], [CycleName], [CycleState], [CycleStateSeq], [CycleEntryPoint], [CycleEndPoint], [CycleStartTime], [CycleEndTime], [ContinueOnError], [Pattern],[ConfigFile],[TPAId], [CarrierId],[MapType]) 
VALUES (N'ABG_Eligibility_Ins', N'ABG_Eligibility_Ins', N'ARCHIVE', 3, N'staging\EligibilityXO\ABG\in\eligibility', N'archive\EligibilityXO\ABG\in\eligibility', CAST(0x0700C69414090000 AS Time), CAST(0x070082357A0A0000 AS Time), N' ', 'Cafeteria_XML_*.xml', null, 'ABG', null, null);


INSERT [dbo].[FileLifeCycle] ([FileTypeId], [CycleId], [NotifyOnFailure], [NotifyOnSuccess]) 
VALUES (N'ABG_Eligibility_Ins', N'ABG_Eligibility_Ins', N'Y', N'Y');



--Meta data for ALG file insert

INSERT FileTypeMaster (FileTypeId, FileTypeName, Owner, IsActive, ExpiresOn, XMLSchemaURI) 
VALUES ('ABG_Eligibility_Alg_Ins', 'ABG_Eligibility_Alg_Ins', 'CXC', 'Y', CAST(0x00009CF000000000 AS DateTime), NULL);

insert into schedule (ScheduleId , FileTypeId, ScheduleDateTime, NumberOfRetries, Active, [DayOfWeek]) 
Values ('ABG_Eligibility_Alg_Ins','ABG_Eligibility_Alg_Ins',  CAST(0x00009D8E00000000 AS DateTime), 3,'N','1,2,3,4,5,6');


INSERT LifeCycle (CycleId, CycleName, CycleState, CycleStateSeq, CycleEntryPoint, CycleEndPoint, CycleStartTime, CycleEndTime, ContinueOnError, [Pattern],[ConfigFile],[TPAId], [CarrierId],[MapType]) 
VALUES ('ABG_Eligibility_Alg_Ins', 'ABG_Eligibility_Alg_Ins', 'PULL', 1, 'ftp\ABG\EligibilityXO\toCXC\empNav', 'staging\EligibilityXO\ABG\in\eligibility', CAST(0x0700000000000000 AS Time), CAST(0x07001A7118020000 AS Time), NULL, 'Cafeteria_ALG_*.mbi', null, 'ABG', null, null);

INSERT LifeCycle (CycleId, CycleName, CycleState, CycleStateSeq, CycleEntryPoint, CycleEndPoint, CycleStartTime, CycleEndTime, ContinueOnError, [Pattern],[ConfigFile],[TPAId], [CarrierId],[MapType]) 
VALUES ('ABG_Eligibility_Alg_Ins', 'ABG_Eligibility_Alg_Ins', 'INSERT_ALG_ELIGIBILITY', 2, 'staging\EligibilityXO\ABG\in\eligibility', NULL, CAST(0x070046C323000000 AS Time), CAST(0x07001A7118020000 AS Time), NULL,NULL,NULL, 'ABG', NULL, 'ABGEligibilityAlg');

INSERT LifeCycle (CycleId, CycleName, CycleState, CycleStateSeq, CycleEntryPoint, CycleEndPoint, CycleStartTime, CycleEndTime, ContinueOnError, [Pattern],[ConfigFile],[TPAId], [CarrierId],[MapType]) 
VALUES ('ABG_Eligibility_Alg_Ins', 'ABG_Eligibility_Alg_Ins', 'ARCHIVE', 3, 'staging\EligibilityXO\ABG\in\eligibility', 'archive\EligibilityXO\ABG\in\eligibility', CAST(0x07008C8647000000 AS Time), CAST(0x07001A7118020000 AS Time), NULL, 'Cafeteria_ALG_*.mbi', null, 'ABG', null, null);


Insert into FileLifeCycle (FileTypeId, CycleId,NotifyOnFailure, NotifyOnSuccess)
Values ('ABG_Eligibility_Alg_Ins','ABG_Eligibility_Alg_Ins','Y','Y');

--Insert calendar lookup


INSERT [dbo].[FileTypeMaster] ([FileTypeId], [FileTypeName], [Owner], [IsActive], [ExpiresOn], [XMLSchemaURI]) 
VALUES (N'ABG_CalendarLookup_Ins', N'ABG_CalendarLookup_Ins', N'ABG', N'Y', CAST(0x00009CF000000000 AS DateTime), NULL);

INSERT [dbo].[Schedule] ([ScheduleId], [FileTypeId], [ScheduleDateTime], [NumberOfRetries], [Active], [DayOfWeek]) 
VALUES (N'ABG_CalendarLookup_Ins', N'ABG_CalendarLookup_Ins', CAST(0x00009D74011826C0 AS DateTime), 3, N'N', N'0,1,2,3,4,5,6');


INSERT [dbo].[LifeCycle] ([CycleId], [CycleName], [CycleState], [CycleStateSeq], [CycleEntryPoint], [CycleEndPoint], [CycleStartTime], [CycleEndTime], [ContinueOnError], [Pattern],[ConfigFile],[TPAId], [CarrierId],[MapType]) 
VALUES (N'ABG_CalendarLookup_Ins', N'ABG_CalendarLookup_Ins', N'PULL', 1, N'ftp\ABG\EligibilityXO\toCXC\map', N'staging\EligibilityXO\ABG\in\map', CAST(0x070068C461080000 AS Time), CAST(0x070082357A0A0000 AS Time), N' ', 'AutoDepositCalendarMap_*.csv', null, 'ABG', null, null);

INSERT [dbo].[LifeCycle] ([CycleId], [CycleName], [CycleState], [CycleStateSeq], [CycleEntryPoint], [CycleEndPoint], [CycleStartTime], [CycleEndTime], [ContinueOnError], [Pattern],[ConfigFile],[TPAId], [CarrierId],[MapType]) 
VALUES (N'ABG_CalendarLookup_Ins', N'ABG_CalendarLookup_Ins', N'TRUNCATE', 2, N'', NULL, CAST(0x0700F44AA9080000 AS Time), CAST(0x070082357A0A0000 AS Time), N' ', 'CALENDAR_LOOKUP', null, 'ABG', null, null);

INSERT [dbo].[LifeCycle] ([CycleId], [CycleName], [CycleState], [CycleStateSeq], [CycleEntryPoint], [CycleEndPoint], [CycleStartTime], [CycleEndTime], [ContinueOnError], [Pattern],[ConfigFile],[TPAId], [CarrierId],[MapType]) 
VALUES (N'ABG_CalendarLookup_Ins', N'ABG_CalendarLookup_Ins', N'INSERT_CALENDAR_LOOKUP', 3, N'staging\EligibilityXO\ABG\in\map', NULL, CAST(0x070080D1F0080000 AS Time), CAST(0x070082357A0A0000 AS Time), N' ', null, 'ABGCalenderLookup_schema.xml', 'ABG', null, 'CalendarLookup');

INSERT [dbo].[LifeCycle] ([CycleId], [CycleName], [CycleState], [CycleStateSeq], [CycleEntryPoint], [CycleEndPoint], [CycleStartTime], [CycleEndTime], [ContinueOnError], [Pattern],[ConfigFile],[TPAId], [CarrierId],[MapType]) 
VALUES (N'ABG_CalendarLookup_Ins', N'ABG_CalendarLookup_Ins', N'ARCHIVE', 4, N'staging\EligibilityXO\ABG\in\map', N'archive\EligibilityXO\ABG\in\map', CAST(0x0700C69414090000 AS Time), CAST(0x070082357A0A0000 AS Time), N' ', 'AutoDepositCalendarMap_*.csv', null, 'ABG', null, null);

INSERT [dbo].[FileLifeCycle] ([FileTypeId], [CycleId], [NotifyOnFailure], [NotifyOnSuccess]) 
VALUES (N'ABG_CalendarLookup_Ins', N'ABG_CalendarLookup_Ins', N'Y', N'Y');




--Meta data for Prefunding insert

INSERT [dbo].[FileTypeMaster] ([FileTypeId], [FileTypeName], [Owner], [IsActive], [ExpiresOn], [XMLSchemaURI]) 
VALUES (N'ABG_Prefunding_PkgTrn_Employer_Ins', N'ABG_Prefunding_PkgTrn_Employer_Ins', N'ABG', N'Y', CAST(0x00009CF000000000 AS DateTime), NULL);

INSERT [dbo].[Schedule] ([ScheduleId], [FileTypeId], [ScheduleDateTime], [NumberOfRetries], [Active], [DayOfWeek]) 
VALUES (N'ABG_Prefunding_PkgTrn_Employer_Ins', N'ABG_Prefunding_PkgTrn_Employer_Ins', CAST(0x00009D74011826C0 AS DateTime), 3, N'N', N'0,1,2,3,4,5,6');


INSERT [dbo].[LifeCycle] ([CycleId], [CycleName], [CycleState], [CycleStateSeq], [CycleEntryPoint], [CycleEndPoint], [CycleStartTime], [CycleEndTime], [ContinueOnError], [Pattern],[ConfigFile],[TPAId], [CarrierId],[MapType]) 
VALUES (N'ABG_Prefunding_PkgTrn_Employer_Ins', N'ABG_Prefunding_PkgTrn_Employer_Ins', N'PULL', 1, N'ftp\ABG\EligibilityXO\toCXC\map', N'staging\EligibilityXO\ABG\in\map', CAST(0x070068C461080000 AS Time), CAST(0x070082357A0A0000 AS Time), N' ', 'ABG_PreFundedTrnPkg_*.csv', null, 'ABG', null, null);

INSERT [dbo].[LifeCycle] ([CycleId], [CycleName], [CycleState], [CycleStateSeq], [CycleEntryPoint], [CycleEndPoint], [CycleStartTime], [CycleEndTime], [ContinueOnError], [Pattern],[ConfigFile],[TPAId], [CarrierId],[MapType]) 
VALUES (N'ABG_Prefunding_PkgTrn_Employer_Ins', N'ABG_Prefunding_PkgTrn_Employer_Ins', N'TRUNCATE', 2, N'', NULL, CAST(0x0700F44AA9080000 AS Time), CAST(0x070082357A0A0000 AS Time), N' ', 'PREFUND_TRNPKG', null, 'ABG', null, null);

INSERT [dbo].[LifeCycle] ([CycleId], [CycleName], [CycleState], [CycleStateSeq], [CycleEntryPoint], [CycleEndPoint], [CycleStartTime], [CycleEndTime], [ContinueOnError], [Pattern],[ConfigFile],[TPAId], [CarrierId],[MapType]) 
VALUES (N'ABG_Prefunding_PkgTrn_Employer_Ins', N'ABG_Prefunding_PkgTrn_Employer_Ins', N'INSERT_PREFUND_TRNPKG', 3, N'staging\EligibilityXO\ABG\in\map', NULL, CAST(0x070080D1F0080000 AS Time), CAST(0x070082357A0A0000 AS Time), N' ', null, 'ABGPrefundingTrnPkgEmployer_schema.xml', 'ABG', null, 'PrefundPkgTrn');

INSERT [dbo].[LifeCycle] ([CycleId], [CycleName], [CycleState], [CycleStateSeq], [CycleEntryPoint], [CycleEndPoint], [CycleStartTime], [CycleEndTime], [ContinueOnError], [Pattern],[ConfigFile],[TPAId], [CarrierId],[MapType]) 
VALUES (N'ABG_Prefunding_PkgTrn_Employer_Ins', N'ABG_Prefunding_PkgTrn_Employer_Ins', N'ARCHIVE', 4, N'staging\EligibilityXO\ABG\in\map', N'archive\EligibilityXO\ABG\in\map', CAST(0x0700C69414090000 AS Time), CAST(0x070082357A0A0000 AS Time), N' ', 'ABG_PreFundedTrnPkg_*.csv', null, 'ABG', null, null);

INSERT [dbo].[FileLifeCycle] ([FileTypeId], [CycleId], [NotifyOnFailure], [NotifyOnSuccess]) 
VALUES (N'ABG_Prefunding_PkgTrn_Employer_Ins', N'ABG_Prefunding_PkgTrn_Employer_Ins', N'Y', N'Y');


--INSERT [dbo].[CXCMapMaster] ([MapId], [TableName], [MapType]) VALUES (N'ABGCalendarLookup', N'Claim', N'ABGCalendarLookup');
--insert into CXCMap (MapId, TableColumnName, ColumnName) Values('ABGCalendarLookup', 'EmployerName','EmployerName');
--insert into CXCMap (MapId, TableColumnName, ColumnName) Values('ABGCalendarLookup', 'TpaEmployerId','EmployerId');
--insert into CXCMap (MapId, TableColumnName, ColumnName) Values('ABGCalendarLookup', 'PayFrequency','PayFrequency');
--insert into CXCMap (MapId, TableColumnName, ColumnName) Values('ABGCalendarLookup', 'CalendarId','CalendarId');
 

 --Validate eligibility

 INSERT FileTypeMaster (FileTypeId, FileTypeName, Owner, IsActive, ExpiresOn, XMLSchemaURI) 
VALUES ('ABG_Eligibility_Validate', 'ABG_Eligibility_Validate', 'CXC', 'Y', CAST(0x00009CF000000000 AS DateTime), NULL);

insert into schedule (ScheduleId , FileTypeId, ScheduleDateTime, NumberOfRetries, Active, [DayOfWeek]) 
Values ('ABG_Eligibility_Validate','ABG_Eligibility_Validate',  CAST(0x00009D8E00000000 AS DateTime), 3,'N','1,2,3,4,5,6');

INSERT LifeCycle (CycleId, CycleName, CycleState, CycleStateSeq, CycleEntryPoint, CycleEndPoint, CycleStartTime, CycleEndTime, ContinueOnError, [Pattern],[ConfigFile],[TPAId], [CarrierId],[MapType]) 
VALUES ('ABG_Eligibility_Validate', 'ABG_Eligibility_Validate', 'VALIDATE_ELIGIBILITY', 1, NULL, NULL, CAST(0x0700000000000000 AS Time), CAST(0x07001A7118020000 AS Time), NULL, null, null, 'ABG', null, null);
  
INSERT into FileLifeCycle (FileTypeId, CycleId,NotifyOnFailure, NotifyOnSuccess)
VALUES ('ABG_Eligibility_Validate','ABG_Eligibility_Validate','Y','Y');



--Generate Alegeus File meta data
-- insert into CXCMapMaster (MapId, TableName, MapType) Values('ABGAlegeusGen','Eligibility','ABGAlegeusGen');

--insert into CXCMap (MapId, TableColumnName, ColumnName) Values('ABGAlegeusGen','TPAId','TPAId');
--insert into CXCMap (MapId, TableColumnName, ColumnName) Values('ABGAlegeusGen','TPAEmployerId','EmployerId');
--insert into CXCMap (MapId, TableColumnName, ColumnName) Values('ABGAlegeusGen','EmployeeSSN','EmployeeSSN');
--insert into CXCMap (MapId, TableColumnName, ColumnName) Values('ABGAlegeusGen','FirstName','FirstName');
--insert into CXCMap (MapId, TableColumnName, ColumnName) Values('ABGAlegeusGen','LastName','LastName');
--insert into CXCMap (MapId, TableColumnName, ColumnName) Values('ABGAlegeusGen','MiddleName','MiddleInitial');
--insert into CXCMap (MapId, TableColumnName, ColumnName) Values('ABGAlegeusGen','PhoneNumber','PhoneNumber');
--insert into CXCMap (MapId, TableColumnName, ColumnName) Values('ABGAlegeusGen','Address1','AddressLine1');
--insert into CXCMap (MapId, TableColumnName, ColumnName) Values('ABGAlegeusGen','Address2','AddressLine2');
--insert into CXCMap (MapId, TableColumnName, ColumnName) Values('ABGAlegeusGen','City','City');
--insert into CXCMap (MapId, TableColumnName, ColumnName) Values('ABGAlegeusGen','State','State');
--insert into CXCMap (MapId, TableColumnName, ColumnName) Values('ABGAlegeusGen','Zip','Zip');
--insert into CXCMap (MapId, TableColumnName, ColumnName) Values('ABGAlegeusGen','Country','Country');
--insert into CXCMap (MapId, TableColumnName, ColumnName) Values('ABGAlegeusGen','Email','Email');
--insert into CXCMap (MapId, TableColumnName, ColumnName) Values('ABGAlegeusGen','EmployeeNumber','EmployeeNumber');
--insert into CXCMap (MapId, TableColumnName, ColumnName) Values('ABGAlegeusGen','EmployeeStatus','EmployeeStatus');
--insert into CXCMap (MapId, TableColumnName, ColumnName) Values('ABGAlegeusGen','Gender','Gender');
--insert into CXCMap (MapId, TableColumnName, ColumnName) Values('ABGAlegeusGen','MaritalStatus','MaritalStatus');
--insert into CXCMap (MapId, TableColumnName, ColumnName) Values('ABGAlegeusGen','BirthDate','BirthDate');
--insert into CXCMap (MapId, TableColumnName, ColumnName) Values('ABGAlegeusGen','PlanId','PlanId');
--insert into CXCMap (MapId, TableColumnName, ColumnName) Values('ABGAlegeusGen','Plancode','AccountTypeCode');
--insert into CXCMap (MapId, TableColumnName, ColumnName) Values('ABGAlegeusGen','PlanShortCode','PlanShortCode');
--insert into CXCMap (MapId, TableColumnName, ColumnName) Values('ABGAlegeusGen','PlanStartDate','EmployerPlanYearStartDate');
--insert into CXCMap (MapId, TableColumnName, ColumnName) Values('ABGAlegeusGen','PlanEndDate','EmployerPlanYearEndDate');
--insert into CXCMap (MapId, TableColumnName, ColumnName) Values('ABGAlegeusGen','AccountStatus','AccountStatus');
--insert into CXCMap (MapId, TableColumnName, ColumnName) Values('ABGAlegeusGen','CoverageLevel','CoverageLevel');
--insert into CXCMap (MapId, TableColumnName, ColumnName) Values('ABGAlegeusGen','CurrentElection','AnnualElectionAmount');
--insert into CXCMap (MapId, TableColumnName, ColumnName) Values('ABGAlegeusGen','PerPayAmount','EmployeePerPayPeriodAmount');
--insert into CXCMap (MapId, TableColumnName, ColumnName) Values('ABGAlegeusGen','EmployerPerPayAmount','EmployerPerPayPeriodAmount');
--insert into CXCMap (MapId, TableColumnName, ColumnName) Values('ABGAlegeusGen','OriginalCoverageStartDate','EffectiveDate');
--insert into CXCMap (MapId, TableColumnName, ColumnName) Values('ABGAlegeusGen','CoverageEndDate','TerminationDate');
--insert into CXCMap (MapId, TableColumnName, ColumnName) Values('ABGAlegeusGen','AutoAddDependents','AutoAddDependents');
--insert into CXCMap (MapId, TableColumnName, ColumnName) Values('ABGAlegeusGen','AutoDepositCalendarId','AutoDepositCalendarId');
--insert into CXCMap (MapId, TableColumnName, ColumnName) Values('ABGAlegeusGen','HireDate','HireDate');
--insert into CXCMap (MapId, TableColumnName, ColumnName) Values('ABGAlegeusGen','OriginalHireDate','OriginalHireDate');
--insert into CXCMap (MapId, TableColumnName, ColumnName) Values('ABGAlegeusGen','DivisionName','Division');
--insert into CXCMap (MapId, TableColumnName, ColumnName) Values('ABGAlegeusGen','OptionToEnterElectionAmounts','OptionToEnterElectionAmounts');
--insert into CXCMap (MapId, TableColumnName, ColumnName) Values('ABGAlegeusGen','DependentStatus','DependentStatus');
--insert into CXCMap (MapId, TableColumnName, ColumnName) Values('ABGAlegeusGen','Relationship','Relationship');
--insert into CXCMap (MapId, TableColumnName, ColumnName) Values('ABGAlegeusGen','FulltimeStudent','FulltimeStudent');
  

INSERT FileTypeMaster (FileTypeId, FileTypeName, Owner, IsActive, ExpiresOn, XMLSchemaURI) 
VALUES ('ABG_Eligibility_Alg_Gen', 'ABG_Eligibility_Alg_Gen', 'CXC', 'Y', CAST(0x00009CF000000000 AS DateTime), NULL)

insert into schedule (ScheduleId , FileTypeId, ScheduleDateTime, NumberOfRetries, Active, [DayOfWeek]) 
Values ('ABG_Eligibility_Alg_Gen','ABG_Eligibility_Alg_Gen',  CAST(0x00009D8E00000000 AS DateTime), 3,'N','1,2,3,4,5,6');

INSERT LifeCycle (CycleId, CycleName, CycleState, CycleStateSeq, CycleEntryPoint, CycleEndPoint, CycleStartTime, CycleEndTime, ContinueOnError, [Pattern],[ConfigFile],[TPAId], [CarrierId],[MapType]) 
VALUES ('ABG_Eligibility_Alg_Gen', 'ABG_Eligibility_Alg_Gen', 'GEN_ALG_ELIGIBILITY', 1, NULL, 'staging\EligibilityXO\ABG\out\eligibility', CAST(0x070046C323000000 AS Time), CAST(0x07001A7118020000 AS Time), NULL,NULL,'ABG_ALGEligibilityImport_schema.xml', 'ABG', NULL, 'AlegeusGen');

INSERT LifeCycle (CycleId, CycleName, CycleState, CycleStateSeq, CycleEntryPoint, CycleEndPoint, CycleStartTime, CycleEndTime, ContinueOnError, [Pattern],[ConfigFile],[TPAId], [CarrierId],[MapType]) 
VALUES ('ABG_Eligibility_Alg_Gen', 'ABG_Eligibility_Alg_Gen', 'PUSH', 2, 'staging\EligibilityXO\ABG\out\eligibility', 'ftp\ABG\EligibilityXO\fromCXC\alegeus', CAST(0x070046C323000000 AS Time), CAST(0x07001A7118020000 AS Time), NULL,'Export_*.mbi',NULL, 'ABG', NULL, NULL);
 

INSERT LifeCycle (CycleId, CycleName, CycleState, CycleStateSeq, CycleEntryPoint, CycleEndPoint, CycleStartTime, CycleEndTime, ContinueOnError, [Pattern],[ConfigFile],[TPAId], [CarrierId],[MapType]) 
VALUES ('ABG_Eligibility_Alg_Gen', 'ABG_Eligibility_Alg_Gen', 'ARCHIVE', 3, 'staging\EligibilityXO\ABG\out\eligibility', 'archive\EligibilityXO\ABG\out\eligibility', CAST(0x070046C323000000 AS Time), CAST(0x07001A7118020000 AS Time), NULL,'Export_*.mbi',NULL, 'ABG', NULL, NULL);
 
Insert into FileLifeCycle (FileTypeId, CycleId,NotifyOnFailure, NotifyOnSuccess)
Values ('ABG_Eligibility_Alg_Gen','ABG_Eligibility_Alg_Gen','Y','Y');

-- Lookup map meta data
 
 INSERT [dbo].[ValueMap] ( [tpaID], [fieldname], [SourceFileType], [inputValue], [valueInDB], [valueInAlegeusOutput]) VALUES (N'ABG', N'TPAId', N'EN-XML', N'ABG', N'ABG', N'T00916')
INSERT [dbo].[ValueMap] ( [tpaID], [fieldname], [SourceFileType], [inputValue], [valueInDB], [valueInAlegeusOutput]) VALUES (N'ABG', N'Gender', N'EN-XML', N'', N'Unknown', N'0')
INSERT [dbo].[ValueMap] ( [tpaID], [fieldname], [SourceFileType], [inputValue], [valueInDB], [valueInAlegeusOutput]) VALUES (N'ABG', N'Gender', N'EN-XML', N'M', N'Male', N'1')
INSERT [dbo].[ValueMap] ( [tpaID], [fieldname], [SourceFileType], [inputValue], [valueInDB], [valueInAlegeusOutput]) VALUES (N'ABG', N'Gender', N'EN-XML', N'F', N'Female', N'2')
INSERT [dbo].[ValueMap] ( [tpaID], [fieldname], [SourceFileType], [inputValue], [valueInDB], [valueInAlegeusOutput]) VALUES (N'ABG', N'MaritalStatus', N'EN-XML', N'', N'Unknown', N'0')
INSERT [dbo].[ValueMap] ( [tpaID], [fieldname], [SourceFileType], [inputValue], [valueInDB], [valueInAlegeusOutput]) VALUES (N'ABG', N'MaritalStatus', N'EN-XML', N'Married', N'Married', N'2')
INSERT [dbo].[ValueMap] ( [tpaID], [fieldname], [SourceFileType], [inputValue], [valueInDB], [valueInAlegeusOutput]) VALUES (N'ABG', N'Relationship', N'EN-XML', N'', N'', N'0')
INSERT [dbo].[ValueMap] ( [tpaID], [fieldname], [SourceFileType], [inputValue], [valueInDB], [valueInAlegeusOutput]) VALUES (N'ABG', N'Relationship', N'EN-XML', N'Spouse', N'Spouse', N'1')
INSERT [dbo].[ValueMap] ( [tpaID], [fieldname], [SourceFileType], [inputValue], [valueInDB], [valueInAlegeusOutput]) VALUES (N'ABG', N'Relationship', N'EN-XML', N'Child', N'Child', N'2')
INSERT [dbo].[ValueMap] ( [tpaID], [fieldname], [SourceFileType], [inputValue], [valueInDB], [valueInAlegeusOutput]) VALUES (N'ABG', N'Relationship', N'EN-XML', N'Legal Guardian', N'Legal Guardian', N'0')
INSERT [dbo].[ValueMap] ( [tpaID], [fieldname], [SourceFileType], [inputValue], [valueInDB], [valueInAlegeusOutput]) VALUES (N'ABG', N'Relationship', N'EN-XML', N'Domestic Partner', N'Domestic Partner', N'1')
INSERT [dbo].[ValueMap] ( [tpaID], [fieldname], [SourceFileType], [inputValue], [valueInDB], [valueInAlegeusOutput]) VALUES (N'ABG', N'Relationship', N'EN-XML', N'Ex-Domestic Partner', N'Ex-Domestic Partner', N'0')
INSERT [dbo].[ValueMap] ( [tpaID], [fieldname], [SourceFileType], [inputValue], [valueInDB], [valueInAlegeusOutput]) VALUES (N'ABG', N'Relationship', N'EN-XML', N'Ex-Spouse', N'Ex-Spouse', N'0')
INSERT [dbo].[ValueMap] ( [tpaID], [fieldname], [SourceFileType], [inputValue], [valueInDB], [valueInAlegeusOutput]) VALUES (N'ABG', N'Relationship', N'EN-XML', N'Former Dependent', N'Former Dependent', N'0')
INSERT [dbo].[ValueMap] ( [tpaID], [fieldname], [SourceFileType], [inputValue], [valueInDB], [valueInAlegeusOutput]) VALUES (N'ABG', N'Relationship', N'EN-XML', N'Deceased Spouse', N'Deceased Spouse', N'1')
INSERT [dbo].[ValueMap] ( [tpaID], [fieldname], [SourceFileType], [inputValue], [valueInDB], [valueInAlegeusOutput]) VALUES (N'ABG', N'Relationship', N'EN-XML', N'Deceased Dependent', N'ChildOrDependent', N'2')
INSERT [dbo].[ValueMap] ( [tpaID], [fieldname], [SourceFileType], [inputValue], [valueInDB], [valueInAlegeusOutput]) VALUES (N'ABG', N'AccountTypeCode', N'EN-XML', N'Dependent Care Spending Account', N'DCA', N'DCA')
INSERT [dbo].[ValueMap] ( [tpaID], [fieldname], [SourceFileType], [inputValue], [valueInDB], [valueInAlegeusOutput]) VALUES (N'ABG', N'AccountTypeCode', N'EN-XML', N'Flexible Spending Account', N'FSA', N'FSA')
INSERT [dbo].[ValueMap] ( [tpaID], [fieldname], [SourceFileType], [inputValue], [valueInDB], [valueInAlegeusOutput]) VALUES (N'ABG', N'AccountTypeCode', N'EN-XML', N'Limited Purpose FSA', N'LPF', N'LPF')
INSERT [dbo].[ValueMap] ( [tpaID], [fieldname], [SourceFileType], [inputValue], [valueInDB], [valueInAlegeusOutput]) VALUES (N'ABG', N'AccountTypeCode', N'EN-XML', N'Transit Reimbursement', N'TRN', N'TRN')
INSERT [dbo].[ValueMap] ( [tpaID], [fieldname], [SourceFileType], [inputValue], [valueInDB], [valueInAlegeusOutput]) VALUES (N'ABG', N'AccountTypeCode', N'EN-XML', N'Parking Reimbursement', N'PKG', N'PKG')
INSERT [dbo].[ValueMap] ( [tpaID], [fieldname], [SourceFileType], [inputValue], [valueInDB], [valueInAlegeusOutput]) VALUES (N'ABG', N'AccountTypeCode', N'EN-XML', N'Healthcare Reimbursement Account', N'HRA', N'HRA')
INSERT [dbo].[ValueMap] ( [tpaID], [fieldname], [SourceFileType], [inputValue], [valueInDB], [valueInAlegeusOutput]) VALUES (N'ABG', N'AccountTypeCode', N'EN-XML', N'Healthcare Savings Account', N'HSA', N'ABH')
INSERT [dbo].[ValueMap] ( [tpaID], [fieldname], [SourceFileType], [inputValue], [valueInDB], [valueInAlegeusOutput]) VALUES (N'ABG', N'TierCoverageLevel', N'EN-XML', N'', N'', N'S')
INSERT [dbo].[ValueMap] ( [tpaID], [fieldname], [SourceFileType], [inputValue], [valueInDB], [valueInAlegeusOutput]) VALUES (N'ABG', N'TierCoverageLevel', N'EN-XML', N'Employee', N'Employee', N'S')
INSERT [dbo].[ValueMap] ( [tpaID], [fieldname], [SourceFileType], [inputValue], [valueInDB], [valueInAlegeusOutput]) VALUES (N'ABG', N'TierCoverageLevel', N'EN-XML', N'Employee + Spouse', N'EmployeeSpouse', N'D')
INSERT [dbo].[ValueMap] ( [tpaID], [fieldname], [SourceFileType], [inputValue], [valueInDB], [valueInAlegeusOutput]) VALUES (N'ABG', N'TierCoverageLevel', N'EN-XML', N'Employee + One', N'EmployeeOne', N'D')
INSERT [dbo].[ValueMap] ( [tpaID], [fieldname], [SourceFileType], [inputValue], [valueInDB], [valueInAlegeusOutput]) VALUES (N'ABG', N'TierCoverageLevel', N'EN-XML', N'Employee + Child', N'EmployeeChild', N'D')
INSERT [dbo].[ValueMap] ( [tpaID], [fieldname], [SourceFileType], [inputValue], [valueInDB], [valueInAlegeusOutput]) VALUES (N'ABG', N'TierCoverageLevel', N'EN-XML', N'Employee + Child(ren)', N'EmployeeChildren', N'F')
INSERT [dbo].[ValueMap] ( [tpaID], [fieldname], [SourceFileType], [inputValue], [valueInDB], [valueInAlegeusOutput]) VALUES (N'ABG', N'TierCoverageLevel', N'EN-XML', N'Employee + Family', N'EmployeeFamily', N'F')
INSERT [dbo].[ValueMap] ( [tpaID], [fieldname], [SourceFileType], [inputValue], [valueInDB], [valueInAlegeusOutput]) VALUES (N'ABG', N'TierCoverageLevel', N'EN-XML', N'Employee + Spouse + Child', N'EmployeeSpouseChild', N'F')
INSERT [dbo].[ValueMap] ( [tpaID], [fieldname], [SourceFileType], [inputValue], [valueInDB], [valueInAlegeusOutput]) VALUES (N'ABG', N'TierCoverageLevel', N'EN-XML', N'Employee + Two', N'EmployeeTwo', N'F')
INSERT [dbo].[ValueMap] ( [tpaID], [fieldname], [SourceFileType], [inputValue], [valueInDB], [valueInAlegeusOutput]) VALUES (N'ABG', N'TierCoverageLevel', N'EN-XML', N'Employee + Two Children', N'EmployeeTwoChildren', N'F')
INSERT [dbo].[ValueMap] ( [tpaID], [fieldname], [SourceFileType], [inputValue], [valueInDB], [valueInAlegeusOutput]) VALUES (N'ABG', N'TierCoverageLevel', N'EN-XML', N'Employee + Spouse + Two Children', N'EmployeeSpouseTwoChildren', N'F')
INSERT [dbo].[ValueMap] ( [tpaID], [fieldname], [SourceFileType], [inputValue], [valueInDB], [valueInAlegeusOutput]) VALUES (N'ABG', N'TierCoverageLevel', N'EN-XML', N'Employee + Three', N'EmployeeThree', N'F')
INSERT [dbo].[ValueMap] ( [tpaID], [fieldname], [SourceFileType], [inputValue], [valueInDB], [valueInAlegeusOutput]) VALUES (N'ABG', N'TierCoverageLevel', N'EN-XML', N'Employee + Three Children', N'EmployeeThreeChildren', N'F')
INSERT [dbo].[ValueMap] ( [tpaID], [fieldname], [SourceFileType], [inputValue], [valueInDB], [valueInAlegeusOutput]) VALUES (N'ABG', N'TierCoverageLevel', N'EN-XML', N'Employee + Spouse + Three Children', N'EmployeeSpouseThreeChildren', N'F')
INSERT [dbo].[ValueMap] ( [tpaID], [fieldname], [SourceFileType], [inputValue], [valueInDB], [valueInAlegeusOutput]) VALUES (N'ABG', N'TierCoverageLevel', N'EN-XML', N'Employee + Four', N'EmployeeFour', N'F')



 --Meta data for valueMap table for MBI file import

INSERT [dbo].[ValueMap] ( [tpaID], [fieldname], [SourceFileType], [inputValue], [valueInDB], [valueInAlegeusOutput]) VALUES (N'ABG', N'TPAId', N'EN-MBI', N'T00916', N'ABG', N'T00916')
INSERT [dbo].[ValueMap] ( [tpaID], [fieldname], [SourceFileType], [inputValue], [valueInDB], [valueInAlegeusOutput]) VALUES (N'ABG', N'Gender', N'EN-MBI', N'0', N'Unknow', N'0')
INSERT [dbo].[ValueMap] ( [tpaID], [fieldname], [SourceFileType], [inputValue], [valueInDB], [valueInAlegeusOutput]) VALUES (N'ABG', N'Gender', N'EN-MBI', N'1', N'Male', N'1')
INSERT [dbo].[ValueMap] ( [tpaID], [fieldname], [SourceFileType], [inputValue], [valueInDB], [valueInAlegeusOutput]) VALUES (N'ABG', N'Gender', N'EN-MBI', N'2', N'Female', N'2')
INSERT [dbo].[ValueMap] ( [tpaID], [fieldname], [SourceFileType], [inputValue], [valueInDB], [valueInAlegeusOutput]) VALUES (N'ABG', N'MaritalStatus', N'EN-MBI', N'0', N'Unknow', N'0')
INSERT [dbo].[ValueMap] ( [tpaID], [fieldname], [SourceFileType], [inputValue], [valueInDB], [valueInAlegeusOutput]) VALUES (N'ABG', N'MaritalStatus', N'EN-MBI', N'1', N'Single', N'1')
INSERT [dbo].[ValueMap] ( [tpaID], [fieldname], [SourceFileType], [inputValue], [valueInDB], [valueInAlegeusOutput]) VALUES (N'ABG', N'MaritalStatus', N'EN-MBI', N'2', N'Married', N'2')
INSERT [dbo].[ValueMap] ( [tpaID], [fieldname], [SourceFileType], [inputValue], [valueInDB], [valueInAlegeusOutput]) VALUES (N'ABG', N'MaritalStatus', N'EN-MBI', N'3', N'Separated', N'3')
INSERT [dbo].[ValueMap] ( [tpaID], [fieldname], [SourceFileType], [inputValue], [valueInDB], [valueInAlegeusOutput]) VALUES (N'ABG', N'MaritalStatus', N'EN-MBI', N'4', N'Widowed', N'4')
INSERT [dbo].[ValueMap] ( [tpaID], [fieldname], [SourceFileType], [inputValue], [valueInDB], [valueInAlegeusOutput]) VALUES (N'ABG', N'MaritalStatus', N'EN-MBI', N'5', N'Divorced', N'5')
INSERT [dbo].[ValueMap] ( [tpaID], [fieldname], [SourceFileType], [inputValue], [valueInDB], [valueInAlegeusOutput]) VALUES (N'ABG', N'Relationship', N'EN-MBI', N'0', N'Unknow', N'0')
INSERT [dbo].[ValueMap] ( [tpaID], [fieldname], [SourceFileType], [inputValue], [valueInDB], [valueInAlegeusOutput]) VALUES (N'ABG', N'Relationship', N'EN-MBI', N'1', N'Spouse', N'1')
INSERT [dbo].[ValueMap] ( [tpaID], [fieldname], [SourceFileType], [inputValue], [valueInDB], [valueInAlegeusOutput]) VALUES (N'ABG', N'Relationship', N'EN-MBI', N'2', N'Child', N'2')
INSERT [dbo].[ValueMap] ( [tpaID], [fieldname], [SourceFileType], [inputValue], [valueInDB], [valueInAlegeusOutput]) VALUES (N'ABG', N'AccountTypeCode', N'EN-MBI', N'DCA', N'Dependent Care Account', N'DCA')
INSERT [dbo].[ValueMap] ( [tpaID], [fieldname], [SourceFileType], [inputValue], [valueInDB], [valueInAlegeusOutput]) VALUES (N'ABG', N'AccountTypeCode', N'EN-MBI', N'FSA', N'Medical Spending Account', N'FSA')
INSERT [dbo].[ValueMap] ( [tpaID], [fieldname], [SourceFileType], [inputValue], [valueInDB], [valueInAlegeusOutput]) VALUES (N'ABG', N'AccountTypeCode', N'EN-MBI', N'LPF', N'Limited Purpose FSA', N'LPF')
INSERT [dbo].[ValueMap] ( [tpaID], [fieldname], [SourceFileType], [inputValue], [valueInDB], [valueInAlegeusOutput]) VALUES (N'ABG', N'AccountTypeCode', N'EN-MBI', N'TR', N'Transit Account', N'TR')
INSERT [dbo].[ValueMap] ( [tpaID], [fieldname], [SourceFileType], [inputValue], [valueInDB], [valueInAlegeusOutput]) VALUES (N'ABG', N'AccountTypeCode', N'EN-MBI', N'PKG', N'Parking Account', N'PKG')
INSERT [dbo].[ValueMap] ( [tpaID], [fieldname], [SourceFileType], [inputValue], [valueInDB], [valueInAlegeusOutput]) VALUES (N'ABG', N'AccountTypeCode', N'EN-MBI', N'HRA', N'Health Reimbursement Account', N'HRA')

 
--Meta data for Change Report

INSERT [dbo].[CXCMapMaster] ([MapId], [TableName], [MapType]) VALUES (N'ABGChangeReportGen', N'Claim', N'ABGChangeReportGen');

insert into CXCMap (MapId, TableColumnName, ColumnName) Values('ABGChangeReportGen', 'EmployerId','EmployerId');
insert into CXCMap (MapId, TableColumnName, ColumnName) Values('ABGChangeReportGen', 'EmployeeSSN','EmployeeSSN');
insert into CXCMap (MapId, TableColumnName, ColumnName) Values('ABGChangeReportGen', 'EmployeeFirstName','EmployeeFirstName');
insert into CXCMap (MapId, TableColumnName, ColumnName) Values('ABGChangeReportGen', 'EmployeeLastName','EmployeeLastName');
insert into CXCMap (MapId, TableColumnName, ColumnName) Values('ABGChangeReportGen', 'ChangedField', 'ChangedField');
 
insert into CXCMap (MapId, TableColumnName, ColumnName) Values('ABGChangeReportGen', 'oldValue','oldValue');
insert into CXCMap (MapId, TableColumnName, ColumnName) Values('ABGChangeReportGen', 'NewValue','NewValue');
 


INSERT FileTypeMaster (FileTypeId, FileTypeName, Owner, IsActive, ExpiresOn, XMLSchemaURI) 
VALUES ('ABG_Eligibility_ChangeReport_Gen', 'ABG_Eligibility_ChangeReport_Gen', 'ABG', 'Y', CAST(0x00009CF000000000 AS DateTime), NULL);

insert into schedule (ScheduleId , FileTypeId, ScheduleDateTime, NumberOfRetries, Active, [DayOfWeek]) 
Values ('ABG_Eligibility_ChangeReport_Gen','ABG_Eligibility_ChangeReport_Gen',  CAST(0x00009D8E00000000 AS DateTime), 3,'N','1,2,3,4,5,6');

INSERT LifeCycle (CycleId, CycleName, CycleState, CycleStateSeq, CycleEntryPoint, CycleEndPoint, CycleStartTime, CycleEndTime, ContinueOnError, [Pattern],[ConfigFile],[TPAId], [CarrierId],[MapType],[ServiceType])  
VALUES ('ABG_Eligibility_ChangeReport_Gen', 'ABG_Eligibility_ChangeReport_Gen', 'GEN_CHANGE_REPORT', 1, NULL, 'staging\EligibilityXO\ABG\out\reports', CAST(0x0700000000000000 AS Time), CAST(0x07001A7118020000 AS Time), NULL, null, 'ABGChangeReport_schema.xml', 'ABG', null, 'ABGChangeReportGen', null);

INSERT LifeCycle (CycleId, CycleName, CycleState, CycleStateSeq, CycleEntryPoint, CycleEndPoint, CycleStartTime, CycleEndTime, ContinueOnError, [Pattern],[ConfigFile],[TPAId], [CarrierId],[MapType],[ServiceType])  
VALUES ('ABG_Eligibility_ChangeReport_Gen', 'ABG_Eligibility_ChangeReport_Gen', 'PUSH', 2, 'staging\EligibilityXO\ABG\out\reports', 'ftp\ABG\EligibilityXO\fromCXC\reports', CAST(0x0700000000000000 AS Time), CAST(0x07001A7118020000 AS Time), NULL,'ChangeReport_*.csv', null,'ABG', null, null, null);

INSERT LifeCycle (CycleId, CycleName, CycleState, CycleStateSeq, CycleEntryPoint, CycleEndPoint, CycleStartTime, CycleEndTime, ContinueOnError, [Pattern],[ConfigFile],[TPAId], [CarrierId],[MapType],[ServiceType]) 
VALUES ('ABG_Eligibility_ChangeReport_Gen', 'ABG_Eligibility_ChangeReport_Gen', 'ARCHIVE', 3, 'staging\EligibilityXO\ABG\out\reports', 'archive\EligibilityXO\ABG\out\reports', CAST(0x0700000000000000 AS Time), CAST(0x07001A7118020000 AS Time), NULL,'ChangeReport_*.csv', null, 'ABG', null, null, null);

Insert into FileLifeCycle (FileTypeId, CycleId,NotifyOnFailure, NotifyOnSuccess)
Values ('ABG_Eligibility_ChangeReport_Gen','ABG_Eligibility_ChangeReport_Gen','Y','Y');


--Meta data for exception Report

INSERT [dbo].[CXCMapMaster] ([MapId], [TableName], [MapType]) VALUES (N'ABGExceptionReportGen', N'Claim', N'ABGExceptionReportGen');

insert into CXCMap (MapId, TableColumnName, ColumnName) Values('ABGExceptionReportGen', 'EmployerId','EmployerId');
insert into CXCMap (MapId, TableColumnName, ColumnName) Values('ABGExceptionReportGen', 'EmployeeSSN','EmployeeSSN');
insert into CXCMap (MapId, TableColumnName, ColumnName) Values('ABGExceptionReportGen', 'EmployeeFirstName','EmployeeFirstName');
insert into CXCMap (MapId, TableColumnName, ColumnName) Values('ABGExceptionReportGen', 'EmployeeLastName','EmployeeLastName');
insert into CXCMap (MapId, TableColumnName, ColumnName) Values('ABGExceptionReportGen', 'Exception', 'Exception');
 
  

INSERT FileTypeMaster (FileTypeId, FileTypeName, Owner, IsActive, ExpiresOn, XMLSchemaURI) 
VALUES ('ABG_Eligibility_ExceptionReport_Gen', 'ABG_Eligibility_ExceptionReport_Gen', 'ABG', 'Y', CAST(0x00009CF000000000 AS DateTime), NULL);

insert into schedule (ScheduleId , FileTypeId, ScheduleDateTime, NumberOfRetries, Active, [DayOfWeek]) 
Values ('ABG_Eligibility_ExceptionReport_Gen','ABG_Eligibility_ExceptionReport_Gen',  CAST(0x00009D8E00000000 AS DateTime), 3,'N','1,2,3,4,5,6');

INSERT LifeCycle (CycleId, CycleName, CycleState, CycleStateSeq, CycleEntryPoint, CycleEndPoint, CycleStartTime, CycleEndTime, ContinueOnError, [Pattern],[ConfigFile],[TPAId], [CarrierId],[MapType],[ServiceType])  
VALUES ('ABG_Eligibility_ExceptionReport_Gen', 'ABG_Eligibility_ExceptionReport_Gen', 'GEN_EXCEPTION_REPORT', 1, NULL, 'staging\EligibilityXO\ABG\out\reports', CAST(0x0700000000000000 AS Time), CAST(0x07001A7118020000 AS Time), NULL, null, 'ABGExceptionReport_schema.xml', 'ABG', null, 'ABGExceptionReportGen', null);

INSERT LifeCycle (CycleId, CycleName, CycleState, CycleStateSeq, CycleEntryPoint, CycleEndPoint, CycleStartTime, CycleEndTime, ContinueOnError, [Pattern],[ConfigFile],[TPAId], [CarrierId],[MapType],[ServiceType])  
VALUES ('ABG_Eligibility_ExceptionReport_Gen', 'ABG_Eligibility_ExceptionReport_Gen', 'PUSH', 2, 'staging\EligibilityXO\ABG\out\reports', 'ftp\ABG\EligibilityXO\fromCXC\reports', CAST(0x0700000000000000 AS Time), CAST(0x07001A7118020000 AS Time), NULL,'ExceptionReport_*.csv', null,'ABG', null, null, null);

INSERT LifeCycle (CycleId, CycleName, CycleState, CycleStateSeq, CycleEntryPoint, CycleEndPoint, CycleStartTime, CycleEndTime, ContinueOnError, [Pattern],[ConfigFile],[TPAId], [CarrierId],[MapType],[ServiceType]) 
VALUES ('ABG_Eligibility_ExceptionReport_Gen', 'ABG_Eligibility_ExceptionReport_Gen', 'ARCHIVE', 3, 'staging\EligibilityXO\ABG\out\reports', 'archive\EligibilityXO\ABG\out\reports', CAST(0x0700000000000000 AS Time), CAST(0x07001A7118020000 AS Time), NULL,'ExceptionReport_*.csv', null, 'ABG', null, null, null);

Insert into FileLifeCycle (FileTypeId, CycleId,NotifyOnFailure, NotifyOnSuccess)
Values ('ABG_Eligibility_ExceptionReport_Gen','ABG_Eligibility_ExceptionReport_Gen','Y','Y');


insert [dbo].[FileTypeMaster] ([FileTypeId], [FileTypeName], [Owner], [IsActive], [ExpiresOn], [XMLSchemaURI]) 
values (N'ABG_Eligibility_Audit', N'ABG_Eligibility_Audit', N'CXC', N'Y', CAST(0x00011D5800000000 AS DateTime), NULL)


insert [dbo].[Schedule] ([ScheduleId], [FileTypeId], [ScheduleDateTime], [NumberOfRetries], [Active], [DayOfWeek]) 
values (N'ABG_Eligibility_Audit', N'ABG_Eligibility_Audit', CAST(0x00009D8E00000000 AS DateTime), 1, N'N', N'1,2,3,4,5,6')


insert [dbo].[LifeCycle] ([CycleId], [CycleName], [CycleState], [CycleStateSeq], [CycleEntryPoint], [CycleEndPoint], [CycleStartTime], [CycleEndTime], [ContinueOnError], [Pattern],[ConfigFile],[TPAId], [CarrierId],[MapType], [ServiceType]) 
values (N'ABG_Eligibility_Audit', N'ABG_Eligibility_Audit', N'ELIGIBILITY_AUDIT', 1, NULL, NULL, CAST(0x070050CFDF960000 AS Time), CAST(0x0700969203970000 AS Time), NULL, null, null, 'ABG', null, null, null);

insert [dbo].[FileLifeCycle] ([FileTypeId], [CycleId], [NotifyOnFailure], [NotifyOnSuccess]) 
values (N'ABG_Eligibility_Audit', N'ABG_Eligibility_Audit', N'Y', N'Y')
















--eligibility insert  meta Data



 INSERT [dbo].[FileTypeMaster] ([FileTypeId], [FileTypeName], [Owner], [IsActive], [ExpiresOn], [XMLSchemaURI]) 
VALUES (N'PrimePay_Eligibility_Ins', N'PrimePay_Eligibility_Ins', N'PrimePay', N'Y', CAST(0x00009CF000000000 AS DateTime), NULL);

INSERT [dbo].[Schedule] ([ScheduleId], [FileTypeId], [ScheduleDateTime], [NumberOfRetries], [Active], [DayOfWeek]) 
VALUES (N'PrimePay_Eligibility_Ins', N'PrimePay_Eligibility_Ins', CAST(0x00009D74011826C0 AS DateTime), 3, N'N', N'0,1,2,3,4,5,6');
 

INSERT [dbo].[LifeCycle] ([CycleId], [CycleName], [CycleState], [CycleStateSeq], [CycleEntryPoint], [CycleEndPoint], [CycleStartTime], [CycleEndTime], [ContinueOnError], [Pattern],[ConfigFile],[TPAId], [CarrierId],[MapType]) 
VALUES (N'PrimePay_Eligibility_Ins', N'PrimePay_Eligibility_Ins', N'PULL', 1, N'ftp\PrimePay\EligibilityXO\toCXC\empNav', N'staging\EligibilityXO\PrimePay\in\eligibility', CAST(0x070068C461080000 AS Time), CAST(0x070082357A0A0000 AS Time), N' ', 'PrimePay_FLEX_*.xml', null, 'PrimePay', null, null);

INSERT [dbo].[LifeCycle] ([CycleId], [CycleName], [CycleState], [CycleStateSeq], [CycleEntryPoint], [CycleEndPoint], [CycleStartTime], [CycleEndTime], [ContinueOnError], [Pattern],[ConfigFile],[TPAId], [CarrierId],[MapType]) 
VALUES (N'PrimePay_Eligibility_Ins', N'PrimePay_Eligibility_Ins', N'INSERT_ELIGIBILITY', 2, N'staging\EligibilityXO\PrimePay\in\eligibility', NULL, CAST(0x070080D1F0080000 AS Time), CAST(0x070082357A0A0000 AS Time), N' ', null, null, 'PrimePay', null, null);

INSERT [dbo].[LifeCycle] ([CycleId], [CycleName], [CycleState], [CycleStateSeq], [CycleEntryPoint], [CycleEndPoint], [CycleStartTime], [CycleEndTime], [ContinueOnError], [Pattern],[ConfigFile],[TPAId], [CarrierId],[MapType]) 
VALUES (N'PrimePay_Eligibility_Ins', N'PrimePay_Eligibility_Ins', N'ARCHIVE', 3, N'staging\EligibilityXO\PrimePay\in\eligibility', N'archive\EligibilityXO\PrimePay\in\eligibility', CAST(0x0700C69414090000 AS Time), CAST(0x070082357A0A0000 AS Time), N' ', 'PrimePay_FLEX_*.xml', null, 'PrimePay', null, null);



INSERT [dbo].[FileLifeCycle] ([FileTypeId], [CycleId], [NotifyOnFailure], [NotifyOnSuccess]) 
VALUES (N'PrimePay_Eligibility_Ins', N'PrimePay_Eligibility_Ins', N'Y', N'Y');


--Insert calendar lookup


INSERT [dbo].[FileTypeMaster] ([FileTypeId], [FileTypeName], [Owner], [IsActive], [ExpiresOn], [XMLSchemaURI]) 
VALUES (N'PrimePay_CalendarLookup_Ins', N'PrimePay_CalendarLookup_Ins', N'PrimePay', N'Y', CAST(0x00009CF000000000 AS DateTime), NULL);

INSERT [dbo].[Schedule] ([ScheduleId], [FileTypeId], [ScheduleDateTime], [NumberOfRetries], [Active], [DayOfWeek]) 
VALUES (N'PrimePay_CalendarLookup_Ins', N'PrimePay_CalendarLookup_Ins', CAST(0x00009D74011826C0 AS DateTime), 3, N'N', N'0,1,2,3,4,5,6');


INSERT [dbo].[LifeCycle] ([CycleId], [CycleName], [CycleState], [CycleStateSeq], [CycleEntryPoint], [CycleEndPoint], [CycleStartTime], [CycleEndTime], [ContinueOnError], [Pattern],[ConfigFile],[TPAId], [CarrierId],[MapType]) 
VALUES (N'PrimePay_CalendarLookup_Ins', N'PrimePay_CalendarLookup_Ins', N'PULL', 1, N'ftp\PrimePay\EligibilityXO\toCXC\map', N'staging\EligibilityXO\PrimePay\in\map', CAST(0x070068C461080000 AS Time), CAST(0x070082357A0A0000 AS Time), N' ', 'PrimePay_AutoDepositCalendarMap_*.csv', null, 'PrimePay', null, null);

INSERT [dbo].[LifeCycle] ([CycleId], [CycleName], [CycleState], [CycleStateSeq], [CycleEntryPoint], [CycleEndPoint], [CycleStartTime], [CycleEndTime], [ContinueOnError], [Pattern],[ConfigFile],[TPAId], [CarrierId],[MapType]) 
VALUES (N'PrimePay_CalendarLookup_Ins', N'PrimePay_CalendarLookup_Ins', N'TRUNCATE', 2, N'', NULL, CAST(0x0700F44AA9080000 AS Time), CAST(0x070082357A0A0000 AS Time), N' ', 'CALENDAR_LOOKUP', null, 'PrimePay', null, null);

INSERT [dbo].[LifeCycle] ([CycleId], [CycleName], [CycleState], [CycleStateSeq], [CycleEntryPoint], [CycleEndPoint], [CycleStartTime], [CycleEndTime], [ContinueOnError], [Pattern],[ConfigFile],[TPAId], [CarrierId],[MapType]) 
VALUES (N'PrimePay_CalendarLookup_Ins', N'PrimePay_CalendarLookup_Ins', N'INSERT_CALENDAR_LOOKUP', 3, N'staging\EligibilityXO\PrimePay\in\map', NULL, CAST(0x070080D1F0080000 AS Time), CAST(0x070082357A0A0000 AS Time), N' ', null, 'PrimePayCalenderLookup_schema.xml', 'PrimePay', null, 'CalendarLookup');

INSERT [dbo].[LifeCycle] ([CycleId], [CycleName], [CycleState], [CycleStateSeq], [CycleEntryPoint], [CycleEndPoint], [CycleStartTime], [CycleEndTime], [ContinueOnError], [Pattern],[ConfigFile],[TPAId], [CarrierId],[MapType]) 
VALUES (N'PrimePay_CalendarLookup_Ins', N'PrimePay_CalendarLookup_Ins', N'ARCHIVE', 4, N'staging\EligibilityXO\PrimePay\in\map', N'archive\EligibilityXO\PrimePay\in\map', CAST(0x0700C69414090000 AS Time), CAST(0x070082357A0A0000 AS Time), N' ', 'PrimePay_AutoDepositCalendarMap_*.csv', null, 'PrimePay', null, null);

INSERT [dbo].[FileLifeCycle] ([FileTypeId], [CycleId], [NotifyOnFailure], [NotifyOnSuccess]) 
VALUES (N'PrimePay_CalendarLookup_Ins', N'PrimePay_CalendarLookup_Ins', N'Y', N'Y');


--INSERT [dbo].[CXCMapMaster] ([MapId], [TableName], [MapType]) VALUES (N'PrimePayCalendarLookup', N'Claim', N'PrimePayCalendarLookup');

--insert into CXCMap (MapId, TableColumnName, ColumnName) Values('PrimePayCalendarLookup', 'EmployerName','EmployerName');
--insert into CXCMap (MapId, TableColumnName, ColumnName) Values('PrimePayCalendarLookup', 'TpaEmployerId','EmployerId');
--insert into CXCMap (MapId, TableColumnName, ColumnName) Values('PrimePayCalendarLookup', 'PayFrequency','PayFrequency');
--insert into CXCMap (MapId, TableColumnName, ColumnName) Values('PrimePayCalendarLookup', 'CalendarId','CalendarId');
 


 --Insert Prefunded TRN PKG employers
 
INSERT [dbo].[FileTypeMaster] ([FileTypeId], [FileTypeName], [Owner], [IsActive], [ExpiresOn], [XMLSchemaURI]) 
VALUES (N'PrimePay_Prefunding_PkgTrn_Employer_Ins', N'PrimePay_Prefunding_PkgTrn_Employer_Ins', N'PrimePay', N'Y', CAST(0x00009CF000000000 AS DateTime), NULL);

INSERT [dbo].[Schedule] ([ScheduleId], [FileTypeId], [ScheduleDateTime], [NumberOfRetries], [Active], [DayOfWeek]) 
VALUES (N'PrimePay_Prefunding_PkgTrn_Employer_Ins', N'PrimePay_Prefunding_PkgTrn_Employer_Ins', CAST(0x00009D74011826C0 AS DateTime), 3, N'N', N'0,1,2,3,4,5,6');


INSERT [dbo].[LifeCycle] ([CycleId], [CycleName], [CycleState], [CycleStateSeq], [CycleEntryPoint], [CycleEndPoint], [CycleStartTime], [CycleEndTime], [ContinueOnError], [Pattern],[ConfigFile],[TPAId], [CarrierId],[MapType]) 
VALUES (N'PrimePay_Prefunding_PkgTrn_Employer_Ins', N'PrimePay_Prefunding_PkgTrn_Employer_Ins', N'PULL', 1, N'ftp\PrimePay\EligibilityXO\toCXC\map', N'staging\EligibilityXO\PrimePay\in\map', CAST(0x070068C461080000 AS Time), CAST(0x070082357A0A0000 AS Time), N' ', 'PrimePay_PreFundedTrnPkg_*.csv', null, 'PrimePay', null, null);

INSERT [dbo].[LifeCycle] ([CycleId], [CycleName], [CycleState], [CycleStateSeq], [CycleEntryPoint], [CycleEndPoint], [CycleStartTime], [CycleEndTime], [ContinueOnError], [Pattern],[ConfigFile],[TPAId], [CarrierId],[MapType]) 
VALUES (N'PrimePay_Prefunding_PkgTrn_Employer_Ins', N'PrimePay_Prefunding_PkgTrn_Employer_Ins', N'TRUNCATE', 2, N'', NULL, CAST(0x0700F44AA9080000 AS Time), CAST(0x070082357A0A0000 AS Time), N' ', 'PREFUND_TRNPKG', null, 'PrimePay', null, null);

INSERT [dbo].[LifeCycle] ([CycleId], [CycleName], [CycleState], [CycleStateSeq], [CycleEntryPoint], [CycleEndPoint], [CycleStartTime], [CycleEndTime], [ContinueOnError], [Pattern],[ConfigFile],[TPAId], [CarrierId],[MapType]) 
VALUES (N'PrimePay_Prefunding_PkgTrn_Employer_Ins', N'PrimePay_Prefunding_PkgTrn_Employer_Ins', N'INSERT_PREFUND_TRNPKG', 3, N'staging\EligibilityXO\PrimePay\in\map', NULL, CAST(0x070080D1F0080000 AS Time), CAST(0x070082357A0A0000 AS Time), N' ', null, 'PrimePayPrefundingTrnPkgEmployer_schema.xml', 'PrimePay', null, 'PrefundPkgTrn');

INSERT [dbo].[LifeCycle] ([CycleId], [CycleName], [CycleState], [CycleStateSeq], [CycleEntryPoint], [CycleEndPoint], [CycleStartTime], [CycleEndTime], [ContinueOnError], [Pattern],[ConfigFile],[TPAId], [CarrierId],[MapType]) 
VALUES (N'PrimePay_Prefunding_PkgTrn_Employer_Ins', N'PrimePay_Prefunding_PkgTrn_Employer_Ins', N'ARCHIVE', 4, N'staging\EligibilityXO\PrimePay\in\map', N'archive\EligibilityXO\PrimePay\in\map', CAST(0x0700C69414090000 AS Time), CAST(0x070082357A0A0000 AS Time), N' ', 'PrimePay_PreFundedTrnPkg_*.csv', null, 'PrimePay', null, null);

INSERT [dbo].[FileLifeCycle] ([FileTypeId], [CycleId], [NotifyOnFailure], [NotifyOnSuccess]) 
VALUES (N'PrimePay_Prefunding_PkgTrn_Employer_Ins', N'PrimePay_Prefunding_PkgTrn_Employer_Ins', N'Y', N'Y');





 --Validate eligibility

 INSERT FileTypeMaster (FileTypeId, FileTypeName, Owner, IsActive, ExpiresOn, XMLSchemaURI) 
VALUES ('PrimePay_Eligibility_Validate', 'PrimePay_Eligibility_Validate', 'CXC', 'Y', CAST(0x00009CF000000000 AS DateTime), NULL);

insert into schedule (ScheduleId , FileTypeId, ScheduleDateTime, NumberOfRetries, Active, [DayOfWeek]) 
Values ('PrimePay_Eligibility_Validate','PrimePay_Eligibility_Validate',  CAST(0x00009D8E00000000 AS DateTime), 3,'N','1,2,3,4,5,6');

INSERT LifeCycle (CycleId, CycleName, CycleState, CycleStateSeq, CycleEntryPoint, CycleEndPoint, CycleStartTime, CycleEndTime, ContinueOnError, [Pattern],[ConfigFile],[TPAId], [CarrierId],[MapType]) 
VALUES ('PrimePay_Eligibility_Validate', 'PrimePay_Eligibility_Validate', 'VALIDATE_ELIGIBILITY', 1, NULL, NULL, CAST(0x0700000000000000 AS Time), CAST(0x07001A7118020000 AS Time), NULL, null, null, 'PrimePay', null, null);
  
INSERT into FileLifeCycle (FileTypeId, CycleId,NotifyOnFailure, NotifyOnSuccess)
VALUES ('PrimePay_Eligibility_Validate','PrimePay_Eligibility_Validate','Y','Y');



--Generate Alegeus File meta data
-- insert into CXCMapMaster (MapId, TableName, MapType) Values('PrimePayAlegeusGen','Eligibility','PrimePayAlegeusGen');


  
--insert into CXCMap (MapId, TableColumnName, ColumnName) Values('PrimePayAlegeusGen','TPAId','TPAId');
--insert into CXCMap (MapId, TableColumnName, ColumnName) Values('PrimePayAlegeusGen','TPAEmployerID','EmployerId');
--insert into CXCMap (MapId, TableColumnName, ColumnName) Values('PrimePayAlegeusGen','EmployeeSSN','EmployeeSSN');
--insert into CXCMap (MapId, TableColumnName, ColumnName) Values('PrimePayAlegeusGen','FirstName','FirstName');
--insert into CXCMap (MapId, TableColumnName, ColumnName) Values('PrimePayAlegeusGen','LastName','LastName');
--insert into CXCMap (MapId, TableColumnName, ColumnName) Values('PrimePayAlegeusGen','MiddleName','MiddleInitial');
--insert into CXCMap (MapId, TableColumnName, ColumnName) Values('PrimePayAlegeusGen','PhoneNumber','PhoneNumber');
--insert into CXCMap (MapId, TableColumnName, ColumnName) Values('PrimePayAlegeusGen','Address1','AddressLine1');
--insert into CXCMap (MapId, TableColumnName, ColumnName) Values('PrimePayAlegeusGen','Address2','AddressLine2');
--insert into CXCMap (MapId, TableColumnName, ColumnName) Values('PrimePayAlegeusGen','City','City');
--insert into CXCMap (MapId, TableColumnName, ColumnName) Values('PrimePayAlegeusGen','State','State');
--insert into CXCMap (MapId, TableColumnName, ColumnName) Values('PrimePayAlegeusGen','ZIP','ZIP');
--insert into CXCMap (MapId, TableColumnName, ColumnName) Values('PrimePayAlegeusGen','Country','Country');
--insert into CXCMap (MapId, TableColumnName, ColumnName) Values('PrimePayAlegeusGen','Email','Email');
--insert into CXCMap (MapId, TableColumnName, ColumnName) Values('PrimePayAlegeusGen','EmployeeNumber','EmployeeNumber');
--insert into CXCMap (MapId, TableColumnName, ColumnName) Values('PrimePayAlegeusGen','EmployeeStatus','EmployeeStatus');
--insert into CXCMap (MapId, TableColumnName, ColumnName) Values('PrimePayAlegeusGen','Gender','Gender');
--insert into CXCMap (MapId, TableColumnName, ColumnName) Values('PrimePayAlegeusGen','MaritalStatus','MaritalStatus');
--insert into CXCMap (MapId, TableColumnName, ColumnName) Values('PrimePayAlegeusGen','BirthDate','BirthDate');
--insert into CXCMap (MapId, TableColumnName, ColumnName) Values('PrimePayAlegeusGen','EnrollmentPlan','PlanId');
--insert into CXCMap (MapId, TableColumnName, ColumnName) Values('PrimePayAlegeusGen','Plancode','AccountTypeCode');
--insert into CXCMap (MapId, TableColumnName, ColumnName) Values('PrimePayAlegeusGen','PlanShortCode','PlanShortCode');
--insert into CXCMap (MapId, TableColumnName, ColumnName) Values('PrimePayAlegeusGen','PlanStartDate','EmployerPlanYearStartDate');
--insert into CXCMap (MapId, TableColumnName, ColumnName) Values('PrimePayAlegeusGen','PlanEndDate','EmployerPlanYearEndDate');
--insert into CXCMap (MapId, TableColumnName, ColumnName) Values('PrimePayAlegeusGen','AccountStatus','AccountStatus');
--insert into CXCMap (MapId, TableColumnName, ColumnName) Values('PrimePayAlegeusGen','CoverageLevel','CoverageLevel');
--insert into CXCMap (MapId, TableColumnName, ColumnName) Values('PrimePayAlegeusGen','CurrentElection','AnnualElectionAmount');
--insert into CXCMap (MapId, TableColumnName, ColumnName) Values('PrimePayAlegeusGen','PerPayAmount','EmployeePerPayPeriodAmount');
--insert into CXCMap (MapId, TableColumnName, ColumnName) Values('PrimePayAlegeusGen','EmployerPerPayAmount','EmployerPerPayPeriodAmount');
--insert into CXCMap (MapId, TableColumnName, ColumnName) Values('PrimePayAlegeusGen','OriginalCoverageStartDate','EffectiveDate');
--insert into CXCMap (MapId, TableColumnName, ColumnName) Values('PrimePayAlegeusGen','CoverageEndDate','TerminationDate');
--insert into CXCMap (MapId, TableColumnName, ColumnName) Values('PrimePayAlegeusGen','AutoAddDependents','AutoAddDependents');
--insert into CXCMap (MapId, TableColumnName, ColumnName) Values('PrimePayAlegeusGen','AutoDepositCalendarId','AutoDepositCalendarId');
--insert into CXCMap (MapId, TableColumnName, ColumnName) Values('PrimePayAlegeusGen','HireDate','HireDate');
--insert into CXCMap (MapId, TableColumnName, ColumnName) Values('PrimePayAlegeusGen','OriginalHireDate','OriginalHireDate');
--insert into CXCMap (MapId, TableColumnName, ColumnName) Values('PrimePayAlegeusGen','DivisionName','Division');
--insert into CXCMap (MapId, TableColumnName, ColumnName) Values('PrimePayAlegeusGen','OptionToEnterElectionAmounts','OptionToEnterElectionAmounts');
--insert into CXCMap (MapId, TableColumnName, ColumnName) Values('PrimePayAlegeusGen','DependentStatus','DependentStatus');
--insert into CXCMap (MapId, TableColumnName, ColumnName) Values('PrimePayAlegeusGen','Relationship','Relationship');
--insert into CXCMap (MapId, TableColumnName, ColumnName) Values('PrimePayAlegeusGen','FulltimeStudent','FulltimeStudent');
  
       


INSERT FileTypeMaster (FileTypeId, FileTypeName, Owner, IsActive, ExpiresOn, XMLSchemaURI) 
VALUES ('PrimePay_Eligibility_Alg_Gen', 'PrimePay_Eligibility_Alg_Gen', 'CXC', 'Y', CAST(0x00009CF000000000 AS DateTime), NULL)

insert into schedule (ScheduleId , FileTypeId, ScheduleDateTime, NumberOfRetries, Active, [DayOfWeek]) 
Values ('PrimePay_Eligibility_Alg_Gen','PrimePay_Eligibility_Alg_Gen',  CAST(0x00009D8E00000000 AS DateTime), 3,'N','1,2,3,4,5,6');

INSERT LifeCycle (CycleId, CycleName, CycleState, CycleStateSeq, CycleEntryPoint, CycleEndPoint, CycleStartTime, CycleEndTime, ContinueOnError, [Pattern],[ConfigFile],[TPAId], [CarrierId],[MapType]) 
VALUES ('PrimePay_Eligibility_Alg_Gen', 'PrimePay_Eligibility_Alg_Gen', 'GEN_ALG_ELIGIBILITY', 1, NULL, 'staging\EligibilityXO\PrimePay\out\eligibility', CAST(0x070046C323000000 AS Time), CAST(0x07001A7118020000 AS Time), NULL,NULL,'PrimePay_ALGEligibilityImport_schema.xml', 'PrimePay', NULL, 'AlegeusGen');

INSERT LifeCycle (CycleId, CycleName, CycleState, CycleStateSeq, CycleEntryPoint, CycleEndPoint, CycleStartTime, CycleEndTime, ContinueOnError, [Pattern],[ConfigFile],[TPAId], [CarrierId],[MapType]) 
VALUES ('PrimePay_Eligibility_Alg_Gen', 'PrimePay_Eligibility_Alg_Gen', 'PUSH', 2, 'staging\EligibilityXO\PrimePay\out\eligibility', 'ftp\PrimePay\EligibilityXO\fromCXC\alegeus', CAST(0x070046C323000000 AS Time), CAST(0x07001A7118020000 AS Time), NULL,'*_FSA_*.mbi',NULL, 'PrimePay', NULL, NULL);


INSERT LifeCycle (CycleId, CycleName, CycleState, CycleStateSeq, CycleEntryPoint, CycleEndPoint, CycleStartTime, CycleEndTime, ContinueOnError, [Pattern],[ConfigFile],[TPAId], [CarrierId],[MapType]) 
VALUES ('PrimePay_Eligibility_Alg_Gen', 'PrimePay_Eligibility_Alg_Gen', 'ARCHIVE', 3, 'staging\EligibilityXO\PrimePay\out\eligibility', 'archive\EligibilityXO\PrimePay\out\eligibility', CAST(0x070046C323000000 AS Time), CAST(0x07001A7118020000 AS Time), NULL,'*_FSA_*.mbi',NULL, 'PrimePay', NULL, NULL);
 
Insert into FileLifeCycle (FileTypeId, CycleId,NotifyOnFailure, NotifyOnSuccess)
Values ('PrimePay_Eligibility_Alg_Gen','PrimePay_Eligibility_Alg_Gen','Y','Y');

-- Lookup map meta data
INSERT [dbo].[ValueMap] ( [tpaID], [fieldname], [SourceFileType], [inputValue], [valueInDB], [valueInAlegeusOutput]) VALUES (N'PrimePay', N'TPAId', N'EN-XML', N'PrimePay', N'PrimePay', N'T00026')
INSERT [dbo].[ValueMap] ( [tpaID], [fieldname], [SourceFileType], [inputValue], [valueInDB], [valueInAlegeusOutput]) VALUES (N'PrimePay', N'Gender', N'EN-XML', N'', N'Unknown', N'0')
INSERT [dbo].[ValueMap] ( [tpaID], [fieldname], [SourceFileType], [inputValue], [valueInDB], [valueInAlegeusOutput]) VALUES (N'PrimePay', N'Gender', N'EN-XML', N'M', N'Male', N'1')
INSERT [dbo].[ValueMap] ( [tpaID], [fieldname], [SourceFileType], [inputValue], [valueInDB], [valueInAlegeusOutput]) VALUES (N'PrimePay', N'Gender', N'EN-XML', N'F', N'Female', N'2')
INSERT [dbo].[ValueMap] ( [tpaID], [fieldname], [SourceFileType], [inputValue], [valueInDB], [valueInAlegeusOutput]) VALUES (N'PrimePay', N'MaritalStatus', N'EN-XML', N'', N'Unknown', N'0')
INSERT [dbo].[ValueMap] ( [tpaID], [fieldname], [SourceFileType], [inputValue], [valueInDB], [valueInAlegeusOutput]) VALUES (N'PrimePay', N'MaritalStatus', N'EN-XML', N'Married', N'Married', N'2')
INSERT [dbo].[ValueMap] ( [tpaID], [fieldname], [SourceFileType], [inputValue], [valueInDB], [valueInAlegeusOutput]) VALUES (N'PrimePay', N'Relationship', N'EN-XML', N'', N'', N'0')
INSERT [dbo].[ValueMap] ( [tpaID], [fieldname], [SourceFileType], [inputValue], [valueInDB], [valueInAlegeusOutput]) VALUES (N'PrimePay', N'Relationship', N'EN-XML', N'Spouse', N'Spouse', N'1')
INSERT [dbo].[ValueMap] ( [tpaID], [fieldname], [SourceFileType], [inputValue], [valueInDB], [valueInAlegeusOutput]) VALUES (N'PrimePay', N'Relationship', N'EN-XML', N'Child', N'Child', N'2')
INSERT [dbo].[ValueMap] ( [tpaID], [fieldname], [SourceFileType], [inputValue], [valueInDB], [valueInAlegeusOutput]) VALUES (N'PrimePay', N'Relationship', N'EN-XML', N'Legal Guardian', N'Legal Guardian', N'0')
INSERT [dbo].[ValueMap] ( [tpaID], [fieldname], [SourceFileType], [inputValue], [valueInDB], [valueInAlegeusOutput]) VALUES (N'PrimePay', N'Relationship', N'EN-XML', N'Domestic Partner', N'Domestic Partner', N'1')
INSERT [dbo].[ValueMap] ( [tpaID], [fieldname], [SourceFileType], [inputValue], [valueInDB], [valueInAlegeusOutput]) VALUES (N'PrimePay', N'Relationship', N'EN-XML', N'Ex-Domestic Partner', N'Ex-Domestic Partner', N'0')
INSERT [dbo].[ValueMap] ( [tpaID], [fieldname], [SourceFileType], [inputValue], [valueInDB], [valueInAlegeusOutput]) VALUES (N'PrimePay', N'Relationship', N'EN-XML', N'Ex-Spouse', N'Ex-Spouse', N'0')
INSERT [dbo].[ValueMap] ( [tpaID], [fieldname], [SourceFileType], [inputValue], [valueInDB], [valueInAlegeusOutput]) VALUES (N'PrimePay', N'Relationship', N'EN-XML', N'Former Dependent', N'Former Dependent', N'0')
INSERT [dbo].[ValueMap] ( [tpaID], [fieldname], [SourceFileType], [inputValue], [valueInDB], [valueInAlegeusOutput]) VALUES (N'PrimePay', N'Relationship', N'EN-XML', N'Deceased Spouse', N'Deceased Spouse', N'1')
INSERT [dbo].[ValueMap] ( [tpaID], [fieldname], [SourceFileType], [inputValue], [valueInDB], [valueInAlegeusOutput]) VALUES (N'PrimePay', N'Relationship', N'EN-XML', N'Deceased Dependent', N'ChildOrDependent', N'2')
INSERT [dbo].[ValueMap] ( [tpaID], [fieldname], [SourceFileType], [inputValue], [valueInDB], [valueInAlegeusOutput]) VALUES (N'PrimePay', N'AccountTypeCode', N'EN-XML', N'Dependent Care Spending Account', N'DCA', N'DCA')
INSERT [dbo].[ValueMap] ( [tpaID], [fieldname], [SourceFileType], [inputValue], [valueInDB], [valueInAlegeusOutput]) VALUES (N'PrimePay', N'AccountTypeCode', N'EN-XML', N'Flexible Spending Account', N'FSA', N'FSA')
INSERT [dbo].[ValueMap] ( [tpaID], [fieldname], [SourceFileType], [inputValue], [valueInDB], [valueInAlegeusOutput]) VALUES (N'PrimePay', N'AccountTypeCode', N'EN-XML', N'Limited Purpose FSA', N'LPF', N'LPF')
INSERT [dbo].[ValueMap] ( [tpaID], [fieldname], [SourceFileType], [inputValue], [valueInDB], [valueInAlegeusOutput]) VALUES (N'PrimePay', N'AccountTypeCode', N'EN-XML', N'Transit Reimbursement', N'TRN', N'TRN')
INSERT [dbo].[ValueMap] ( [tpaID], [fieldname], [SourceFileType], [inputValue], [valueInDB], [valueInAlegeusOutput]) VALUES (N'PrimePay', N'AccountTypeCode', N'EN-XML', N'Parking Reimbursement', N'PKG', N'PKG')
INSERT [dbo].[ValueMap] ( [tpaID], [fieldname], [SourceFileType], [inputValue], [valueInDB], [valueInAlegeusOutput]) VALUES (N'PrimePay', N'AccountTypeCode', N'EN-XML', N'Healthcare Reimbursement Account', N'HRA', N'HRA')
INSERT [dbo].[ValueMap] ( [tpaID], [fieldname], [SourceFileType], [inputValue], [valueInDB], [valueInAlegeusOutput]) VALUES (N'PrimePay', N'AccountTypeCode', N'EN-XML', N'Healthcare Savings Account', N'HSA', N'HSA')
INSERT [dbo].[ValueMap] ( [tpaID], [fieldname], [SourceFileType], [inputValue], [valueInDB], [valueInAlegeusOutput]) VALUES (N'PrimePay', N'TierCoverageLevel', N'EN-XML', N'', N'', N'E')
INSERT [dbo].[ValueMap] ( [tpaID], [fieldname], [SourceFileType], [inputValue], [valueInDB], [valueInAlegeusOutput]) VALUES (N'PrimePay', N'TierCoverageLevel', N'EN-XML', N'Employee', N'Employee', N'E')
INSERT [dbo].[ValueMap] ( [tpaID], [fieldname], [SourceFileType], [inputValue], [valueInDB], [valueInAlegeusOutput]) VALUES (N'PrimePay', N'TierCoverageLevel', N'EN-XML', N'Employee + Spouse', N'EmployeeSpouse', N'ESP')
INSERT [dbo].[ValueMap] ( [tpaID], [fieldname], [SourceFileType], [inputValue], [valueInDB], [valueInAlegeusOutput]) VALUES (N'PrimePay', N'TierCoverageLevel', N'EN-XML', N'Employee + One', N'EmployeeOne', N'EONE')
INSERT [dbo].[ValueMap] ( [tpaID], [fieldname], [SourceFileType], [inputValue], [valueInDB], [valueInAlegeusOutput]) VALUES (N'PrimePay', N'TierCoverageLevel', N'EN-XML', N'Employee + Child', N'EmployeeChild', N'ECHILD')
INSERT [dbo].[ValueMap] ( [tpaID], [fieldname], [SourceFileType], [inputValue], [valueInDB], [valueInAlegeusOutput]) VALUES (N'PrimePay', N'TierCoverageLevel', N'EN-XML', N'Employee + Child(ren)', N'EmployeeChildren', N'ECHILDREN')
INSERT [dbo].[ValueMap] ( [tpaID], [fieldname], [SourceFileType], [inputValue], [valueInDB], [valueInAlegeusOutput]) VALUES (N'PrimePay', N'TierCoverageLevel', N'EN-XML', N'Employee + Family', N'EmployeeFamily', N'EFAM')
INSERT [dbo].[ValueMap] ( [tpaID], [fieldname], [SourceFileType], [inputValue], [valueInDB], [valueInAlegeusOutput]) VALUES (N'PrimePay', N'TierCoverageLevel', N'EN-XML', N'Employee + Spouse + Child', N'EmployeeSpouseChild', N'EFAM')
INSERT [dbo].[ValueMap] ( [tpaID], [fieldname], [SourceFileType], [inputValue], [valueInDB], [valueInAlegeusOutput]) VALUES (N'PrimePay', N'TierCoverageLevel', N'EN-XML', N'Employee + Two', N'EmployeeTwo', N'EFAM')
INSERT [dbo].[ValueMap] ( [tpaID], [fieldname], [SourceFileType], [inputValue], [valueInDB], [valueInAlegeusOutput]) VALUES (N'PrimePay', N'TierCoverageLevel', N'EN-XML', N'Employee + Two Children', N'EmployeeTwoChildren', N'ECHILDREN')
INSERT [dbo].[ValueMap] ( [tpaID], [fieldname], [SourceFileType], [inputValue], [valueInDB], [valueInAlegeusOutput]) VALUES (N'PrimePay', N'TierCoverageLevel', N'EN-XML', N'Employee + Spouse + Two Children', N'EmployeeSpouseTwoChildren', N'EFAM')
INSERT [dbo].[ValueMap] ( [tpaID], [fieldname], [SourceFileType], [inputValue], [valueInDB], [valueInAlegeusOutput]) VALUES (N'PrimePay', N'TierCoverageLevel', N'EN-XML', N'Employee + Three', N'EmployeeThree', N'EFAM')
INSERT [dbo].[ValueMap] ( [tpaID], [fieldname], [SourceFileType], [inputValue], [valueInDB], [valueInAlegeusOutput]) VALUES (N'PrimePay', N'TierCoverageLevel', N'EN-XML', N'Employee + Three Children', N'EmployeeThreeChildren', N'ECHILDREN')
INSERT [dbo].[ValueMap] ( [tpaID], [fieldname], [SourceFileType], [inputValue], [valueInDB], [valueInAlegeusOutput]) VALUES (N'PrimePay', N'TierCoverageLevel', N'EN-XML', N'Employee + Spouse + Three Children', N'EmployeeSpouseThreeChildren', N'EFAM')
INSERT [dbo].[ValueMap] ( [tpaID], [fieldname], [SourceFileType], [inputValue], [valueInDB], [valueInAlegeusOutput]) VALUES (N'PrimePay', N'TierCoverageLevel', N'EN-XML', N'Employee + Four', N'EmployeeFour', N'EFAM')
 



--Meta data for Change Report

INSERT [dbo].[CXCMapMaster] ([MapId], [TableName], [MapType]) VALUES (N'PrimePayChangeReportGen', N'Claim', N'PrimePayChangeReportGen');

insert into CXCMap (MapId, TableColumnName, ColumnName) Values('PrimePayChangeReportGen', 'EmployerID','EmployerID');
insert into CXCMap (MapId, TableColumnName, ColumnName) Values('PrimePayChangeReportGen', 'EmployeeSSN','EmployeeSSN');
insert into CXCMap (MapId, TableColumnName, ColumnName) Values('PrimePayChangeReportGen', 'EmployeeFirstName','EmployeeFirstName');
insert into CXCMap (MapId, TableColumnName, ColumnName) Values('PrimePayChangeReportGen', 'EmployeeLastName','EmployeeLastName');
insert into CXCMap (MapId, TableColumnName, ColumnName) Values('PrimePayChangeReportGen', 'ChangedField', 'ChangedField');
 
insert into CXCMap (MapId, TableColumnName, ColumnName) Values('PrimePayChangeReportGen', 'oldValue','oldValue');
insert into CXCMap (MapId, TableColumnName, ColumnName) Values('PrimePayChangeReportGen', 'NewValue','NewValue');
 


INSERT FileTypeMaster (FileTypeId, FileTypeName, Owner, IsActive, ExpiresOn, XMLSchemaURI) 
VALUES ('PrimePay_Eligibility_ChangeReport_Gen', 'PrimePay_Eligibility_ChangeReport_Gen', 'PrimePay', 'Y', CAST(0x00009CF000000000 AS DateTime), NULL);

insert into schedule (ScheduleId , FileTypeId, ScheduleDateTime, NumberOfRetries, Active, [DayOfWeek]) 
Values ('PrimePay_Eligibility_ChangeReport_Gen','PrimePay_Eligibility_ChangeReport_Gen',  CAST(0x00009D8E00000000 AS DateTime), 3,'N','1,2,3,4,5,6');

INSERT LifeCycle (CycleId, CycleName, CycleState, CycleStateSeq, CycleEntryPoint, CycleEndPoint, CycleStartTime, CycleEndTime, ContinueOnError, [Pattern],[ConfigFile],[TPAId], [CarrierId],[MapType],[ServiceType])  
VALUES ('PrimePay_Eligibility_ChangeReport_Gen', 'PrimePay_Eligibility_ChangeReport_Gen', 'GEN_CHANGE_REPORT', 1, NULL, 'staging\EligibilityXO\PrimePay\out\reports', CAST(0x0700000000000000 AS Time), CAST(0x07001A7118020000 AS Time), NULL, null, 'PrimePayChangeReport_schema.xml', 'PrimePay', null, 'PrimePayChangeReportGen', null);

INSERT LifeCycle (CycleId, CycleName, CycleState, CycleStateSeq, CycleEntryPoint, CycleEndPoint, CycleStartTime, CycleEndTime, ContinueOnError, [Pattern],[ConfigFile],[TPAId], [CarrierId],[MapType],[ServiceType])  
VALUES ('PrimePay_Eligibility_ChangeReport_Gen', 'PrimePay_Eligibility_ChangeReport_Gen', 'PUSH', 2, 'staging\EligibilityXO\PrimePay\out\reports', 'ftp\PrimePay\EligibilityXO\fromCXC\reports', CAST(0x0700000000000000 AS Time), CAST(0x07001A7118020000 AS Time), NULL,'PrimePay_ChangeReport_*.csv', null,'PrimePay', null, null, null);

INSERT LifeCycle (CycleId, CycleName, CycleState, CycleStateSeq, CycleEntryPoint, CycleEndPoint, CycleStartTime, CycleEndTime, ContinueOnError, [Pattern],[ConfigFile],[TPAId], [CarrierId],[MapType],[ServiceType]) 
VALUES ('PrimePay_Eligibility_ChangeReport_Gen', 'PrimePay_Eligibility_ChangeReport_Gen', 'ARCHIVE', 3, 'staging\EligibilityXO\PrimePay\out\reports', 'archive\EligibilityXO\PrimePay\out\reports', CAST(0x0700000000000000 AS Time), CAST(0x07001A7118020000 AS Time), NULL,'PrimePay_ChangeReport_*.csv', null, 'PrimePay', null, null, null);

Insert into FileLifeCycle (FileTypeId, CycleId,NotifyOnFailure, NotifyOnSuccess)
Values ('PrimePay_Eligibility_ChangeReport_Gen','PrimePay_Eligibility_ChangeReport_Gen','Y','Y');


--Meta data for exception Report

INSERT [dbo].[CXCMapMaster] ([MapId], [TableName], [MapType]) VALUES (N'PrimePayExceptionReportGen', N'Claim', N'PrimePayExceptionReportGen');

insert into CXCMap (MapId, TableColumnName, ColumnName) Values('PrimePayExceptionReportGen', 'EmployerID','EmployerID');
insert into CXCMap (MapId, TableColumnName, ColumnName) Values('PrimePayExceptionReportGen', 'EmployeeSSN','EmployeeSSN');
insert into CXCMap (MapId, TableColumnName, ColumnName) Values('PrimePayExceptionReportGen', 'EmployeeFirstName','EmployeeFirstName');
insert into CXCMap (MapId, TableColumnName, ColumnName) Values('PrimePayExceptionReportGen', 'EmployeeLastName','EmployeeLastName');
insert into CXCMap (MapId, TableColumnName, ColumnName) Values('PrimePayExceptionReportGen', 'Exception', 'Exception');
 
 

INSERT FileTypeMaster (FileTypeId, FileTypeName, Owner, IsActive, ExpiresOn, XMLSchemaURI) 
VALUES ('PrimePay_Eligibility_ExceptionReport_Gen', 'PrimePay_Eligibility_ExceptionReport_Gen', 'PrimePay', 'Y', CAST(0x00009CF000000000 AS DateTime), NULL);

insert into schedule (ScheduleId , FileTypeId, ScheduleDateTime, NumberOfRetries, Active, [DayOfWeek]) 
Values ('PrimePay_Eligibility_ExceptionReport_Gen','PrimePay_Eligibility_ExceptionReport_Gen',  CAST(0x00009D8E00000000 AS DateTime), 3,'N','1,2,3,4,5,6');

INSERT LifeCycle (CycleId, CycleName, CycleState, CycleStateSeq, CycleEntryPoint, CycleEndPoint, CycleStartTime, CycleEndTime, ContinueOnError, [Pattern],[ConfigFile],[TPAId], [CarrierId],[MapType],[ServiceType])  
VALUES ('PrimePay_Eligibility_ExceptionReport_Gen', 'PrimePay_Eligibility_ExceptionReport_Gen', 'GEN_EXCEPTION_REPORT', 1, NULL, 'staging\EligibilityXO\PrimePay\out\reports', CAST(0x0700000000000000 AS Time), CAST(0x07001A7118020000 AS Time), NULL, null, 'PrimePayExceptionReport_schema.xml', 'PrimePay', null, 'PrimePayExceptionReportGen', null);

INSERT LifeCycle (CycleId, CycleName, CycleState, CycleStateSeq, CycleEntryPoint, CycleEndPoint, CycleStartTime, CycleEndTime, ContinueOnError, [Pattern],[ConfigFile],[TPAId], [CarrierId],[MapType],[ServiceType])  
VALUES ('PrimePay_Eligibility_ExceptionReport_Gen', 'PrimePay_Eligibility_ExceptionReport_Gen', 'PUSH', 2, 'staging\EligibilityXO\PrimePay\out\reports', 'ftp\PrimePay\EligibilityXO\fromCXC\reports', CAST(0x0700000000000000 AS Time), CAST(0x07001A7118020000 AS Time), NULL,'PrimePay_ExceptionReport_*.csv', null,'PrimePay', null, null, null);

INSERT LifeCycle (CycleId, CycleName, CycleState, CycleStateSeq, CycleEntryPoint, CycleEndPoint, CycleStartTime, CycleEndTime, ContinueOnError, [Pattern],[ConfigFile],[TPAId], [CarrierId],[MapType],[ServiceType]) 
VALUES ('PrimePay_Eligibility_ExceptionReport_Gen', 'PrimePay_Eligibility_ExceptionReport_Gen', 'ARCHIVE', 3, 'staging\EligibilityXO\PrimePay\out\reports', 'archive\EligibilityXO\PrimePay\out\reports', CAST(0x0700000000000000 AS Time), CAST(0x07001A7118020000 AS Time), NULL,'PrimePay_ExceptionReport_*.csv', null, 'PrimePay', null, null, null);

Insert into FileLifeCycle (FileTypeId, CycleId,NotifyOnFailure, NotifyOnSuccess)
Values ('PrimePay_Eligibility_ExceptionReport_Gen','PrimePay_Eligibility_ExceptionReport_Gen','Y','Y');



--Audit Report
insert [dbo].[FileTypeMaster] ([FileTypeId], [FileTypeName], [Owner], [IsActive], [ExpiresOn], [XMLSchemaURI]) 
values (N'PrimePay_Eligibility_Audit', N'PrimePay_Eligibility_Audit', N'CXC', N'Y', CAST(0x00011D5800000000 AS DateTime), NULL)


insert [dbo].[Schedule] ([ScheduleId], [FileTypeId], [ScheduleDateTime], [NumberOfRetries], [Active], [DayOfWeek]) 
values (N'PrimePay_Eligibility_Audit', N'PrimePay_Eligibility_Audit', CAST(0x00009D8E00000000 AS DateTime), 1, N'N', N'1,2,3,4,5,6')


insert [dbo].[LifeCycle] ([CycleId], [CycleName], [CycleState], [CycleStateSeq], [CycleEntryPoint], [CycleEndPoint], [CycleStartTime], [CycleEndTime], [ContinueOnError], [Pattern],[ConfigFile],[TPAId], [CarrierId],[MapType], [ServiceType]) 
values (N'PrimePay_Eligibility_Audit', N'PrimePay_Eligibility_Audit', N'ELIGIBILITY_AUDIT', 1, NULL, NULL, CAST(0x070050CFDF960000 AS Time), CAST(0x0700969203970000 AS Time), NULL, null, null, 'PrimePay', null, null, null);

insert [dbo].[FileLifeCycle] ([FileTypeId], [CycleId], [NotifyOnFailure], [NotifyOnSuccess]) 
values (N'PrimePay_Eligibility_Audit', N'PrimePay_Eligibility_Audit', N'Y', N'Y')



-- Update HSA Enrollment plan
INSERT FileTypeMaster (FileTypeId, FileTypeName, Owner, IsActive, ExpiresOn, XMLSchemaURI) 
VALUES ('PrimePay_HSAEnrollment_Update', 'PrimePay_HSAEnrollment_Update', 'PrimePay', 'Y', CAST(0x00009CF000000000 AS DateTime), NULL);

insert into schedule (ScheduleId , FileTypeId, ScheduleDateTime, NumberOfRetries, Active, [DayOfWeek]) 
Values ('PrimePay_HSAEnrollment_Update','PrimePay_HSAEnrollment_Update',  CAST(0x00009D8E00000000 AS DateTime), 3,'N','1,2,3,4,5,6');


INSERT LifeCycle (CycleId, CycleName, CycleState, CycleStateSeq, CycleEntryPoint, CycleEndPoint, CycleStartTime, CycleEndTime, ContinueOnError, [Pattern],[ConfigFile],[TPAId], [CarrierId],[MapType]) 
VALUES ('PrimePay_HSAEnrollment_Update', 'PrimePay_HSAEnrollment_Update', 'UPDATE_HSA_ENROLLMENT', 1, NULL, NULL, CAST(0x0700000000000000 AS Time), CAST(0x07001A7118020000 AS Time), NULL, null, null, 'PrimePay', null, null);


Insert into FileLifeCycle (FileTypeId, CycleId,NotifyOnFailure, NotifyOnSuccess)
Values ('PrimePay_HSAEnrollment_Update','PrimePay_HSAEnrollment_Update','Y','Y');


-- Generate HSA Enrollment report



INSERT [dbo].[CXCMapMaster] ([MapId], [TableName], [MapType]) VALUES (N'PrimePayHSAEnrollmentGen', N'Employee', N'PrimePayHSAEnrollmentGen');

INSERT INTO CXCMap (MapId, TableColumnName, ColumnName) VALUES('PrimePayHSAEnrollmentGen', 'RecordId','RecordId');
INSERT INTO CXCMap (MapId, TableColumnName, ColumnName) VALUES('PrimePayHSAEnrollmentGen', 'TPAId','TPAId');
INSERT INTO CXCMap (MapId, TableColumnName, ColumnName) VALUES('PrimePayHSAEnrollmentGen', 'TPAEmployerId','EmployerId');
INSERT INTO CXCMap (MapId, TableColumnName, ColumnName) VALUES('PrimePayHSAEnrollmentGen', 'EmployeeSSN','EmployeeId');
INSERT INTO CXCMap (MapId, TableColumnName, ColumnName) VALUES('PrimePayHSAEnrollmentGen', 'LastName','LastName');
INSERT INTO CXCMap (MapId, TableColumnName, ColumnName) VALUES('PrimePayHSAEnrollmentGen', 'FirstName','FirstName');
INSERT INTO CXCMap (MapId, TableColumnName, ColumnName) VALUES('PrimePayHSAEnrollmentGen', 'Email','Email');
INSERT INTO CXCMap (MapId, TableColumnName, ColumnName) VALUES('PrimePayHSAEnrollmentGen', 'OriginalCoverageStartDate', 'EligibilityDate');
INSERT INTO CXCMap (MapId, TableColumnName, ColumnName) VALUES('PrimePayHSAEnrollmentGen', 'CoverageEndDate', 'TerminationDate'); 


INSERT FileTypeMaster (FileTypeId, FileTypeName, Owner, IsActive, ExpiresOn, XMLSchemaURI) 
VALUES ('PrimePay_Eligibility_HSAEnrollment_Gen', 'PrimePay_Eligibility_HSAEnrollment_Gen', 'Primepay', 'Y', CAST(0x00009CF000000000 AS DateTime), NULL);

INSERT INTO schedule (ScheduleId , FileTypeId, ScheduleDateTime, NumberOfRetries, Active, [DayOfWeek]) 
VALUES ('PrimePay_Eligibility_HSAEnrollment_Gen','PrimePay_Eligibility_HSAEnrollment_Gen',  CAST(0x00009D8E00000000 AS DateTime), 3,'N','1,2,3,4,5,6');

INSERT LifeCycle (CycleId, CycleName, CycleState, CycleStateSeq, CycleEntryPoint, CycleEndPoint, CycleStartTime, CycleEndTime, ContinueOnError, [Pattern],[ConfigFile],[TPAId], [CarrierId],[MapType],[ServiceType])  
VALUES ('PrimePay_Eligibility_HSAEnrollment_Gen', 'PrimePay_Eligibility_HSAEnrollment_Gen', 'GEN_HSA_ENROLLMENT_REPORT', 1, NULL, 'staging\EligibilityXO\PrimePay\out\Eligibility', CAST(0x0700000000000000 AS Time), CAST(0x07001A7118020000 AS Time), NULL, null, 'PrimePayHSAEnrollmentReport_schema.xml', 'PrimePay', null, 'PrimePayHSAEnrollmentGen', null);

INSERT LifeCycle (CycleId, CycleName, CycleState, CycleStateSeq, CycleEntryPoint, CycleEndPoint, CycleStartTime, CycleEndTime, ContinueOnError, [Pattern],[ConfigFile],[TPAId], [CarrierId],[MapType],[ServiceType])  
VALUES ('PrimePay_Eligibility_HSAEnrollment_Gen', 'PrimePay_Eligibility_HSAEnrollment_Gen', 'PUSH', 2, 'staging\EligibilityXO\PrimePay\out\Eligibility', 'ftp\Primepay\EligibilityXO\fromCXC\HSA', CAST(0x0700000000000000 AS Time), CAST(0x07001A7118020000 AS Time), NULL,'PrimePay_EN_HSA_*.csv', null,'PrimePay', null, null, null);

INSERT LifeCycle (CycleId, CycleName, CycleState, CycleStateSeq, CycleEntryPoint, CycleEndPoint, CycleStartTime, CycleEndTime, ContinueOnError, [Pattern],[ConfigFile],[TPAId], [CarrierId],[MapType],[ServiceType]) 
VALUES ('PrimePay_Eligibility_HSAEnrollment_Gen', 'PrimePay_Eligibility_HSAEnrollment_Gen', 'ARCHIVE', 3, 'staging\EligibilityXO\PrimePay\out\Eligibility', 'archive\EligibilityXO\Primepay\out\Eligibility', CAST(0x0700000000000000 AS Time), CAST(0x07001A7118020000 AS Time), NULL,'PrimePay_EN_HSA_*.csv', null, 'PrimePay', null, null, null);

INSERT INTO FileLifeCycle (FileTypeId, CycleId,NotifyOnFailure, NotifyOnSuccess)
VALUES ('PrimePay_Eligibility_HSAEnrollment_Gen','PrimePay_Eligibility_HSAEnrollment_Gen','Y','Y');

